nationality,pca_race_points,physical_score,race_difficulty,combined_score_per_km,consistency_score,race_performance_score
25,-0.09432052,-0.8969759,-2.5755587,19.37205,0.06887038,2.1887593
47,0.9292775,-0.8759567,-1.8618181,0.023458304,-1.0331025,-1.412913
47,0.3554214,-0.87410855,-2.5264225,3.2444556,-0.7401765,-1.4948034
35,0.78908294,-0.901575,1.9164553,-0.30086812,11.819204,1.7135476
47,-0.19507737,-1.170083,-2.5755587,19.36762,4.874808,-0.50414395
18,22.948463,-1.1574626,1.4495928,-0.25130668,0.28363484,-0.6045264
4,11.011577,0.40364805,2.1129086,-0.30874476,0.009175948,1.4654793
61,2.623061,-1.9480848,-2.1936193,0.42803535,-1.069842,0.720855
61,-0.09432052,-2.2072585,-2.3307388,0.3932645,-1.069842,0.6988282
61,-0.12352984,-1.9480848,-2.3983262,1.2556887,-1.069842,1.5891575
61,-0.16149175,-2.2072585,-2.5144846,2.0350745,-1.069842,1.091937
61,0.8314211,-2.4664323,0.90592,-0.32039455,-1.069842,0.13987356
61,-0.16149175,-2.2072585,-2.1059093,0.21377015,-1.069842,1.3200312
61,2.623061,-1.9480848,-2.2989464,0.31929988,-1.069842,1.3218032
52,4.757885,-1.6930821,0.5992998,-0.19711639,0.79920256,1.9001532
52,-0.19507737,-1.6930821,-2.508508,7.0023103,0.79920256,-1.4135938
52,0.025417287,-1.6930821,-1.3208071,0.08995758,0.79920256,1.692812
71,-0.19507737,-1.1760472,-2.5218017,9.564828,-0.56925106,0.05648411
59,4.389868,-1.9403837,-1.076937,-0.18199587,-0.8469067,1.8590279
59,2.354376,-1.6812099,2.1129086,-0.31017986,-0.8469067,1.2787746
59,1.9587275,-1.162862,-2.3920748,2.4915113,-0.8469067,2.0052183
59,12.186818,-0.9036877,1.9297192,-0.30196187,-0.8469067,1.9003791
59,5.4411993,-1.4220357,-2.1709843,1.0997006,-0.8469067,2.1093817
59,18.531446,-1.4220357,1.4530687,-0.27925947,-0.8469067,1.4866184
59,16.852165,-1.162862,0.8742607,-0.29185978,-0.8469067,0.016520139
59,11.011577,-1.6812099,1.4211642,-0.30648395,-0.8469067,0.98931444
59,7.149486,-0.9036877,-0.47824264,-0.098153576,-0.8469067,1.548518
59,24.225733,-0.9036877,1.6172688,-0.3045574,-0.8469067,0.43080074
59,16.852165,-0.9036877,1.3433604,-0.31354326,-0.8469067,0.037108306
59,5.0030594,-0.9036877,-2.2370887,1.3504612,-0.8469067,1.6541256
59,7.149486,-0.9036877,-0.29452246,-0.12120903,-0.8469067,2.0040073
59,18.531446,-1.4220357,1.1549996,-0.2778312,-0.8469067,0.6584359
8,-0.19507737,-1.6929393,-2.5622396,7.2021465,4.3538427,-1.3108752
55,0.3130832,-0.8878307,-2.3037415,1.5865403,2.7347753,2.0657248
55,1.1731293,-0.3694827,-2.3113847,0.77995306,2.7347753,2.1906006
55,2.8012683,-0.3694827,-1.7376527,0.32207993,2.7347753,1.2792971
55,1.0972055,-0.6286564,-2.3988397,1.3260931,2.7347753,2.418597
55,-0.12790614,-1.4061786,-2.4899411,5.962441,2.7347753,2.210228
55,-0.19507737,-0.8878307,-2.5755587,19.36762,2.7347753,1.4836706
55,0.6401867,-0.3694827,-2.4723637,4.6059885,2.7347753,2.211459
8,16.263756,-0.6304755,1.2809358,-0.30485767,-0.9207819,-1.3295281
8,15.784754,-0.8896492,1.6338067,-0.31836522,-0.9207819,-1.4124428
8,11.410176,-0.11212754,1.708933,-0.333921,-0.9207819,-0.95710874
8,-0.1468871,1.1743731,-2.4929821,7.216584,-0.8154985,2.2723024
51,5.4411993,0.92568314,-2.2472594,1.5688279,0.13567363,1.882122
26,1.4330617,0.9223501,-2.2472594,1.5598212,2.5446222,1.8178253
26,2.3457253,-0.8918675,-2.4569137,4.254904,2.5446222,2.3586347
26,2.7954674,0.14482842,-2.0243807,0.39608663,2.5446222,2.459876
26,1.4330617,0.9223501,-2.378929,2.74437,2.5446222,2.4187834
26,2.7954674,-0.6326938,-1.8685116,0.22095032,2.5446222,2.2319016
26,3.5431037,-0.11434587,-2.0845916,0.8673819,2.5446222,2.2117808
26,2.3457253,0.4040021,-2.38278,2.8303936,2.5446222,2.5231423
14,-0.19507737,1.1749793,-2.536785,4.1465793,10.058617,1.4643755
14,-0.19507737,0.13828404,-2.5755587,19.36762,10.058617,-0.54555684
14,0.17874071,0.9158057,0.8200463,-0.27401412,10.058617,2.3140101
59,-0.19507737,0.9142677,-2.5755587,19.36762,0.546074,-0.95968485
35,21.08833,-1.4182979,1.6633314,-0.23754276,-0.4642006,0.078649685
35,0.54233044,-0.6407762,-2.5589437,11.082585,-0.4642006,-1.4713717
26,0.6591677,1.1915013,-2.4987738,6.883017,-0.5845853,2.6259174
26,-0.19507737,-1.9185859,-2.5611544,13.291729,-0.5845853,-1.373142
26,3.553128,-1.9185859,1.103592,-0.35949835,-0.5845853,-1.1851991
47,3.9417036,-0.6393414,-0.9714613,0.030967306,-0.32303253,2.7078788
8,21.847569,-1.6828475,1.5717223,-0.27646828,-0.93721366,-0.12837316
63,1.2870151,-1.6865463,-2.5245383,2.0292318,-0.65795475,-1.4506319
63,0.09696482,0.6542765,-2.5264225,3.240924,-0.92157596,-1.5370702
47,0.682525,0.16589513,-2.5199888,5.835413,-0.0915857,2.4192705
8,15.713307,1.167615,0.88864315,-0.3015355,-1.0208886,-1.3501793
8,15.656365,0.3900934,1.0270295,-0.3328771,-1.0208886,-0.5840746
8,6.851591,1.9451367,1.5128832,-0.3347383,-1.0208886,-1.2471836
8,9.6784315,1.4267893,0.91841215,-0.3607757,-1.0208886,-1.2883902
8,11.27731,0.90844136,1.1016272,-0.34346342,-1.0208886,-0.99844486
8,11.846739,1.4267893,0.9114113,-0.30555823,-1.0208886,-0.68778443
8,15.196344,0.1309197,1.0694239,-0.3409696,-1.0208886,-0.9568207
8,9.624389,1.4267893,1.2426006,-0.32296982,-1.0208886,-0.8950152
8,10.897691,0.3900934,1.5583235,-0.33623362,-1.0208886,-1.2470001
8,5.471782,1.9451367,1.2062267,-0.32745752,-1.0208886,-1.2472261
8,14.513029,0.90844136,1.0591588,-0.31115624,-1.0208886,-1.3502811
8,11.467119,1.685963,1.2555195,-0.3282459,-1.0208886,-1.1019878
8,15.0634775,1.4267893,1.3642782,-0.32430416,-1.0208886,-0.5634675
8,11.637949,1.685963,0.9475427,-0.3301824,-1.0208886,-1.1226357
67,0.17874071,-0.11204722,-2.056462,0.19830497,-1.2987165,-1.4959149
8,3.8568234,-0.89016205,0.92519116,-0.34767765,-1.24563,-1.5164756
4,-0.19507737,-0.3691416,-2.5755587,19.36762,0.20096186,1.9185052
61,-0.19507737,-1.1641899,-2.5755587,19.36762,0.7023455,-1.4152256
26,-0.19507737,-0.89133304,-2.5755587,19.36762,0.38963667,0.7382402
63,1.2680342,-0.11463444,-2.5540142,5.0119915,-0.024146695,-1.5089339
63,3.1049638,-1.1414598,-2.378929,2.7504082,-0.22065708,2.461656
4,18.531446,2.4793844,1.3536832,-0.3233224,-0.045582995,0.9068446
8,10.916672,-0.3811144,1.9463471,-0.24591626,-0.078553066,2.6043441
4,-0.19507737,0.6602153,-2.5755587,19.36762,1.3450401,0.6968273
8,19.898075,-0.11388367,1.6387563,-0.33264208,-1.0859401,-1.4536724
8,18.702276,-0.63223165,1.3194498,-0.3438553,-1.0859401,-1.0188196
8,15.808213,-0.11388367,1.1016272,-0.34250093,-1.0859401,-0.97750574
8,0.33644044,0.9228117,-2.548746,4.3079276,-1.0859401,-1.5150714
8,10.017188,0.663638,1.8578957,-0.2798372,-1.0859401,-0.5430581
8,22.170244,-0.63223165,1.5781523,-0.26085752,-1.0859401,-0.37682372
8,2.167518,-0.37305796,-2.5620139,15.305191,-1.0859401,-1.3354473
8,19.480495,-0.63223165,1.5583235,-0.33460224,-1.0859401,-1.2051929
8,19.537437,-0.37305796,1.5335414,-0.33873105,-1.0859401,-1.5364927
8,18.854122,-0.11388367,1.0591588,-0.31022623,-1.0859401,-1.32935
8,19.21476,-0.37305796,1.1336069,-0.32601207,-1.0859401,-1.3914629
8,14.683857,0.14529002,1.5315273,-0.33698583,-1.0859401,-1.5367157
8,0.09696482,0.40446368,-2.5264225,3.240924,-1.0859401,-1.5370702
8,19.879095,-0.89140594,1.5347695,-0.32661515,-1.0859401,-0.8117529
8,21.392025,0.14529002,1.5200902,-0.28192958,-1.0859401,-1.1843854
8,1.9017847,0.40446368,-2.5611544,13.354092,-1.0859401,-1.1302941
8,16.054964,-0.89140594,0.90811986,-0.32821247,-1.0859401,-0.6254366
8,15.713307,0.40446368,1.103592,-0.3569151,-1.0859401,-1.0396297
8,15.12042,0.40446368,1.708933,-0.33324498,-1.0859401,-0.93623877
66,-0.19507737,0.14447375,-2.5622396,7.2021465,3.8293312,1.0289482
5,-0.19507737,1.1587485,-2.5755587,19.36762,-0.37106925,1.5664963
47,0.0546266,-1.6723868,-2.4987738,6.8780065,-0.41873875,2.521174
47,-0.19507737,-1.4132124,-2.5770044,47.094948,-0.41873875,-1.1256471
8,-0.19507737,0.14522143,-2.5770044,47.094948,-0.32856575,-1.3948303
8,3.9037418,0.6659706,-1.2779212,0.1500345,-0.28910142,2.7908092
5,2.2434418,-0.36743677,-1.9637301,0.17531353,0.2748648,2.2525582
5,0.5438062,-0.62661046,-2.38278,2.8237917,0.2748648,2.4180138
42,0.010812624,0.37825653,-2.377751,1.1975007,1.7376426,1.4857543
42,-0.06221068,-1.4359605,-2.5227103,4.214834,1.7376426,-1.1441342
42,0.09258852,-1.1767868,-2.310132,0.9985612,1.7376426,1.5479296
42,-0.19507737,-0.14009084,-2.5755587,19.36762,1.7376426,-0.52485037
8,1.5337676,-0.14487971,1.2405784,-0.33219725,-1.2288481,-1.5373143
38,0.0064363265,1.1535048,-2.4819016,5.491809,-0.67951983,2.1276536
38,0.58029234,1.9310272,-2.3050199,0.68710375,-0.67951983,2.045211
38,2.1485372,0.89433116,-1.7445425,0.09527808,-0.67951983,-1.2677298
38,3.7329133,1.1535048,-1.8124748,0.50450647,-0.67951983,0.9069256
67,0.07360756,1.6956687,-1.7572418,0.33933938,4.013791,1.6307057
67,-0.19507737,1.436495,-2.5479438,7.342939,4.013791,0.47030815
47,6.585858,-1.6741188,1.5232749,-0.33374146,-1.0027838,-0.29470375
4,4.625018,-0.37732965,-2.4899411,5.999411,0.007885517,2.4883494
63,0.6182543,2.208608,0.2926199,-0.35790375,-1.2614621,-1.288873
63,-0.04175395,2.208608,-1.5313784,-0.29901078,-1.2614621,-1.371747
27,12.169415,0.9086416,1.6338067,-0.31903726,-0.34268218,-1.4333116
18,-0.19507737,-1.1741569,-2.5622396,7.2021465,2.763991,-1.3729944
25,0.6562162,-1.4196956,-2.5540142,4.9965243,-0.81762385,-1.5333798
18,-0.19507737,0.63515747,-2.5755587,19.36762,-0.3057092,-1.4773449
47,0.8986433,-1.4191148,-2.5218017,9.576849,-0.029917818,2.70981
47,3.9037418,-1.1599411,-2.4987738,6.9099097,-0.029917818,2.7359512
47,-0.23303929,-0.9007668,-2.5770044,47.093025,-0.029917818,-1.1468176
8,19.898075,-1.1741415,1.5307158,-0.31842664,-0.75347024,-1.0602255
66,0.79641074,1.9485983,-1.8313717,0.09753411,-0.5717509,2.16925
66,0.50436854,1.9485983,-2.4948218,3.547825,-0.5717509,2.3978202
66,-0.19507737,1.6894239,-2.5755587,19.36762,-0.5717509,0.42764413
18,-0.09432052,-0.6391146,-2.5620139,15.237921,-0.65556914,-1.496656
49,9.05496,0.41209745,1.8844008,-0.30099744,0.2736446,2.4179127
49,17.553137,0.41209745,1.5550956,-0.26649383,0.2736446,1.1345376
49,14.664878,-0.1062499,1.9194272,-0.28694865,0.2736446,1.7348329
49,19.19578,-0.1062499,1.4877608,-0.31095856,0.2736446,1.1967404
4,0.15975976,-1.4071043,-2.5755587,19.383219,0.27317658,2.294992
67,1.6360512,3.507668,-0.33965155,-0.19651169,-0.6759783,1.4030592
67,2.7954674,3.507668,0.26262045,-0.24107401,-0.6759783,2.5005429
67,2.7954674,3.507668,0.20533131,-0.23533885,-0.6759783,2.3348987
67,0.52334946,1.9526247,-2.5357757,4.3285565,-0.6759783,1.8395808
35,5.547706,-1.6829933,-2.3214371,0.78934795,-0.77552503,-1.3471355
47,6.6048384,-0.3720866,1.9387085,-0.25814363,2.0717452,1.8173213
55,0.0590029,-0.90147924,-2.5296423,6.6221333,3.435798,1.7344108
55,0.2605166,-1.4198272,-2.5305803,6.2862487,3.435798,1.8178427
55,0.8986433,-0.90147924,-2.4723637,4.6076427,3.435798,2.2325652
47,2.1938777,-0.9026323,-1.3671584,0.17146194,-0.03417219,2.6042295
35,1.2052902,-0.38396177,-2.4987738,6.8875437,-0.13007317,2.6684246
35,-0.32794407,-0.12478808,-2.5770044,47.08823,-0.13007317,-1.1065649
27,2.983699,-0.88542944,1.5644884,-0.3347021,-1.1401997,-1.2680701
14,-0.19507737,-0.907643,-2.5218017,9.564828,-1.1345304,-1.4964961
18,-0.19507737,-1.6756809,-2.5296423,6.6187525,4.932541,-0.91682595
27,0.8884149,0.6610749,-2.1757445,0.55119365,3.51176,1.7553297
27,3.5431037,0.92024857,-1.9500484,0.6172652,3.51176,2.0458608
27,1.5980893,0.92024857,-2.328023,0.6918537,3.51176,1.176332
27,0.44742563,0.6610749,-2.5097609,3.9541242,3.51176,1.9630042
27,2.2244608,-0.37562108,-2.5231922,4.389723,3.51176,1.5336311
27,0.17874071,-0.11644741,-2.5622396,7.2120934,3.51176,1.4661877
27,1.6360512,1.1794223,-1.7382994,0.025582371,3.51176,2.5007231
27,0.8884149,0.92024857,-2.5063539,4.411915,3.51176,2.0053096
27,1.9587275,0.14272688,-2.349859,2.0732265,3.51176,2.004949
27,2.0915942,0.14272688,-2.3575175,1.1750656,3.51176,1.8394241
27,0.44742563,1.4385965,-2.4547322,3.0236218,3.51176,1.63129
27,1.0563431,0.6610749,-1.8685116,0.21907951,3.51176,2.1900365
27,3.5431037,0.92024857,-1.7737352,0.39106733,3.51176,1.5279665
27,1.5980893,0.92024857,-1.770051,0.12120411,3.51176,1.9416502
27,-0.008168333,-0.89396906,-2.5755587,19.375837,3.51176,2.231088
27,1.2052902,-0.37562108,-2.4723637,4.609605,3.51176,2.2537458
27,0.8884149,0.92024857,-2.4482307,2.4224067,3.51176,2.0666788
27,2.3457253,0.92024857,-2.4940405,6.1386094,3.51176,2.4427192
27,2.7954674,0.40190056,-2.4640982,2.1833093,3.51176,2.504426
52,-0.04175395,1.1774331,-2.273238,0.5862719,-1.2987165,2.106911
63,0.17874071,-1.1371046,-2.5212789,3.1049707,0.46444228,-1.2469928
14,2.972097,-1.4367007,-2.2333462,1.4308492,-0.61914843,1.3217444
14,-0.19507737,-0.6453766,-2.5755587,19.36762,1.0011718,1.3594322
14,-0.19507737,0.38003305,-2.5755587,19.36762,-0.4640184,-1.435932
35,15.253286,0.1578455,1.513916,-0.332702,-0.9434819,-0.64631164
35,19.556417,-1.1380241,1.5593058,-0.35133034,-0.9434819,-1.2466022
35,21.752663,-0.61967677,1.3799975,-0.27058357,-0.9434819,-0.8737429
35,15.651887,-1.3971984,1.6590576,-0.32749474,-0.9434819,-1.3089218
35,19.5754,-0.36050248,1.558962,-0.34037971,-0.9434819,-0.9567117
35,19.537437,-0.1013288,1.4934307,-0.3355529,-0.9434819,-0.7289362
35,10.288723,0.6761929,1.9468385,-0.31976676,-0.9434819,0.016017433
35,19.727245,1.1945409,1.9522663,-0.30882177,-0.9434819,-0.2527734
35,8.83299,0.4170192,1.770613,-0.2604813,-0.9434819,-0.23250344
35,17.9897,-0.87885046,1.8578957,-0.27843755,-0.9434819,-0.4806005
35,2.9632425,-1.6563721,1.2809358,-0.30755836,-0.9434819,-1.4958322
35,2.4142704,-0.1013288,-2.461191,0.98825276,-0.9434819,-1.450876
35,2.3763084,0.4170192,-2.5241525,2.7893696,-0.9434819,-1.468516
35,19.879095,-0.36050248,1.5015349,-0.3354617,-0.9434819,-0.95668733
35,4.408849,1.1945409,-2.4853508,2.4121177,-0.9434819,0.74847937
35,15.481058,-0.87885046,1.6075121,-0.3335775,-0.9434819,-0.9569117
35,0.19772168,-1.6563721,-2.3068128,0.3380133,-0.9434819,-1.5372562
35,19.632341,0.1578455,1.5253602,-0.34369132,-0.9434819,-0.9152894
35,11.770814,-0.36050248,0.9845108,-0.33435357,-0.9434819,-1.0812241
35,17.667023,-0.36050248,1.6972663,-0.26885965,-0.9434819,-0.9361159
35,11.67591,0.93536717,1.662226,-0.35877112,-0.9434819,-0.95709044
35,8.155476,-1.1380241,1.708933,-0.33451396,-0.9434819,-0.99866486
61,0.077983856,-0.6807698,-2.5620139,15.243046,-1.1764331,-1.4540043
61,0.3554214,-0.16242181,-2.2090178,0.14766827,-1.1764331,-1.4958011
40,0.79203445,0.38857207,-1.7875279,0.31025496,-0.9435478,2.0657098
40,1.8638226,0.38857207,-2.481774,4.827352,-0.9435478,2.2758424
40,3.1239448,0.38857207,-1.8120177,0.34067118,-0.9435478,1.5486273
40,1.0402626,0.12939775,-2.4273922,1.821241,-0.9435478,1.3420709
40,2.0915942,0.12939775,-2.426459,1.8167686,-0.9435478,0.9499345
40,19.157818,-0.12977593,1.4302284,-0.28093573,-0.9435478,-0.45974988
31,0.3466688,-0.40545854,1.4621212,-0.26938978,-1.2987165,-1.5373744
14,-0.19507737,-1.1466342,-2.5218017,9.564828,-1.1452092,-1.4757898
8,6.62382,1.701207,1.5848049,-0.33485746,-1.0476205,-0.7709538
8,14.797743,-0.6313585,1.5316501,-0.33834404,-1.0476205,-1.5160041
8,19.973999,-0.37218422,1.6590576,-0.32669723,-1.0476205,-1.2880226
8,18.930046,0.40533742,1.2934022,-0.31294435,-1.0476205,-0.81174266
8,14.949592,0.92368543,1.4934307,-0.33643153,-1.0476205,-0.74985504
8,14.911629,1.4420328,1.8453943,-0.3135586,-1.0476205,-0.025190273
8,15.234305,1.4420328,1.4877808,-0.32937652,-1.0476205,-0.5841879
8,19.556417,0.40533742,1.5128832,-0.33230513,-1.0476205,-1.1430633
8,19.19578,-1.4088802,1.0694239,-0.3401091,-1.0476205,-0.93590635
8,6.266082,1.701207,0.85781646,-0.3537881,-1.0476205,-1.1643318
8,18.930046,0.14616314,1.3653567,-0.33093357,-1.0476205,-0.97740304
8,19.917057,-0.8905322,1.6338067,-0.3175971,-1.0476205,-1.3915507
8,0.19772168,0.92368543,-2.461191,0.97424436,-1.0476205,-1.5370884
8,15.291248,0.6645111,1.5015349,-0.3363437,-1.0476205,-0.97760695
8,11.4861,0.14616314,1.6075121,-0.3343242,-1.0476205,-0.9777985
8,19.537437,-0.37218422,1.5315273,-0.33606327,-1.0476205,-1.5157863
8,11.543043,1.4420328,1.0741668,-0.3054164,-1.0476205,-0.3565302
8,2.4522324,-0.11301055,-2.5264225,3.273108,-1.0476205,-1.4257569
8,16.017004,-1.1497065,0.9327546,-0.31571415,-1.0476205,-0.48049387
8,15.594944,-1.4088802,1.5347695,-0.32742947,-1.0476205,-0.8326562
8,19.841131,-0.11301055,1.708933,-0.33238485,-1.0476205,-0.91532445
8,1.2242712,0.6428036,-2.5218017,9.580428,-0.29881203,2.7313817
43,-0.19507737,-1.9436234,-2.5622396,7.2021465,-0.20851728,1.0082419
35,1.056292,2.981363,1.9960879,-0.2896108,3.45347,1.29943
55,5.0030594,-1.1661549,1.2554519,-0.29536378,-1.2582687,0.036543198
55,-0.19507737,-1.9436766,-2.5097516,2.557893,-1.2582687,-1.4964546
35,-0.19507737,1.1732727,-2.5755587,19.36762,1.9955965,-0.87685925
47,0.2605166,-1.6904033,-2.5479438,7.3508825,-0.6321811,2.1494472
35,0.19772168,-1.1573459,-2.548746,4.3051767,-0.86951387,-1.5364426
35,17.818872,-0.3798242,1.5909429,-0.25270662,-0.86951387,-1.2673945
35,19.309666,-1.1573459,1.430178,-0.34293687,-0.86951387,-1.0188121
35,-0.19507737,-1.6756939,-2.5611544,13.291729,-0.86951387,-1.5180868
25,-0.07971587,-0.36934367,-2.5218017,9.566095,-0.116729364,2.541559
38,11.524062,-0.11381137,1.8389827,-0.275688,-0.02579739,2.14884
38,22.170244,-0.37298566,1.577487,-0.268186,-0.02579739,0.6999088
59,-0.09432052,1.1768017,-2.5479438,7.3446956,0.03782364,2.065126
11,2.1090994,1.1794223,1.3286601,-0.29587364,6.6111555,-0.75044703
8,18.531446,-0.6307029,2.1129086,-0.3074982,-0.36354852,1.5071933
18,18.531446,1.6818761,1.0165641,-0.32475147,-0.54950845,0.20292795
37,-0.19507737,1.4376869,-2.5296423,6.6187525,6.5701404,1.2780527
37,0.077983856,1.4376869,-2.5357757,4.3221235,6.5701404,1.7759062
51,0.12179784,0.90976554,-2.4987738,6.878563,-0.29875094,2.5420148
25,2.5062237,3.2493124,1.2934022,-0.31625924,-0.8523403,-1.0403146
25,7.4911423,2.9901388,1.3653567,-0.33321953,-0.8523403,-1.0607814
25,1.0782245,1.9534434,-2.5620139,15.272795,-0.8523403,-1.3639863
25,10.954634,1.9534434,1.2659172,-0.32199484,-0.8523403,-1.4126154
25,2.1061478,2.9901388,1.6075121,-0.33607742,-0.8523403,-1.1852865
25,5.0789833,2.9901388,1.2555195,-0.32955512,-0.8523403,-1.2058364
25,17.211481,2.4717913,1.5200902,-0.28273478,-0.8523403,-1.2052865
25,-0.19507737,2.7309651,-2.5611544,13.291729,-0.8523403,-1.4559677
8,2.8873186,0.39064765,1.1420815,-0.35266382,-1.2691442,-0.895345
61,-0.19507737,0.1375722,-2.5770044,47.094948,-0.30873054,-1.2912983
42,3.9606848,-0.6462324,-1.6374611,0.39151055,-0.5042798,2.3769069
42,1.6929941,-0.6462324,-2.4929821,7.2313495,-0.5042798,2.503643
42,0.5248252,-0.12788448,-2.4680188,5.873344,-0.5042798,2.4183342
42,2.4142704,0.13128921,-2.524882,2.0006578,-0.5042798,-1.343655
40,3.9533057,-1.1572353,-2.3575175,1.1812178,0.1542471,1.8616179
27,-0.01254463,-0.6347948,-2.5218017,9.5668335,-0.16267037,2.562444
27,-0.19507737,-0.11644741,-2.5770044,47.094948,-0.16267037,-1.2084727
47,-0.19507737,0.13950011,-2.5611544,13.291729,-0.74455804,-1.476674
62,2.4142704,-0.8932375,-0.6461502,-0.32274997,-1.2660517,-1.4543276
4,1.7878989,-1.1420418,-2.508508,7.020877,-0.080243856,1.9246259
18,-0.19507737,0.14111288,-2.5770044,47.094948,-0.34892195,-1.4155368
25,-0.19507737,-2.194635,-2.5258355,1.660385,-1.2987165,-1.538018
4,-0.19507737,-1.7129222,-2.5245924,2.4612691,-0.90785116,-0.6889958
61,2.366029,-1.16293,-2.3214371,0.7801028,-1.2950921,-1.3907835
70,1.0563431,0.10241077,-2.3828037,1.3297492,-0.32741374,1.7766505
70,0.20795003,0.10241077,-0.86349785,-0.19289885,-0.32741374,2.2933168
70,1.1161864,-0.6751109,-2.18761,0.62998223,-0.32741374,1.1964003
70,0.3466688,-0.6751109,-2.3705277,1.6170667,-0.32741374,1.3618344
70,-0.19507737,-1.4526325,-2.5755587,19.36762,-0.32741374,-1.125336
37,19.19578,0.657892,1.4280785,-0.2744423,1.5126809,0.7826379
37,0.077983856,-0.119629696,-2.5410714,5.2460346,1.5126809,1.6309966
24,0.077983856,-0.12780415,-2.536785,4.150415,3.559703,1.6930732
24,-0.04175395,-0.12780415,-2.5410714,5.244081,3.559703,1.609818
25,0.19624591,-1.1540264,1.3885869,-0.32204297,17.70193,-0.25358427
25,-0.19507737,-0.8948527,-2.3705277,1.6149436,17.70193,-0.31589764
61,0.17874071,-0.38403222,-2.5620139,15.246042,-0.82315296,-1.4325732
62,2.4142704,-0.11224433,-2.152312,0.030894672,-0.9546269,-1.4535109
62,8.003629,-0.371418,1.2024164,-0.34044692,-0.9546269,-0.81226665
62,8.383247,-0.371418,1.9468385,-0.32009447,-0.9546269,-0.0047682067
62,-0.16149175,-0.889766,-2.5222857,6.0259724,-0.9546269,-1.0201895
62,6.111334,-0.6305923,1.4599729,-0.3533498,-0.9546269,-1.1022676
62,0.54233044,-0.889766,-2.4161668,2.120566,-0.9546269,-1.1433662
47,-0.12790614,3.2501168,-2.0926976,-0.005237362,-0.7934951,-1.5167329
47,0.4664066,2.4725952,-2.508508,7.008504,-0.7934951,1.8181025
47,11.1824045,2.9909432,1.1704764,-0.34123883,-0.7934951,-0.60503757
47,5.782857,1.4359,-2.05449,0.4854227,-0.7934951,0.20399621
47,1.8828036,1.1767256,-2.5144181,6.3864155,-0.7934951,1.5110537
47,15.504518,3.2501168,1.1689537,-0.33861688,-0.7934951,-0.21139757
47,1.050491,2.2134216,-2.5134847,5.829874,-0.7934951,1.260542
47,21.90451,2.7317696,1.5234094,-0.24140799,-0.7934951,-0.19046591
47,-0.09432052,0.14003028,-2.5611544,13.294726,-0.7934951,-1.2895919
22,5.8397994,1.7160137,0.5559565,-0.20183788,-0.4293267,2.2729402
22,0.22693099,1.9751879,-2.5755587,19.386173,-0.4293267,2.3164122
7,0.3466688,0.41328695,-1.0022539,-0.19647926,-1.1518054,-1.454523
26,19.423552,-0.61319727,1.9194272,-0.2861275,0.14951563,1.7557378
26,1.2870151,-1.1487197,-0.3674465,-0.31557167,-1.2682408,-1.516574
26,1.7250528,-1.1487197,1.8453943,-0.31587356,-1.2682408,-0.27422673
27,7.23121,-1.6788539,1.1704764,-0.34206435,-1.0012792,-0.64664996
47,0.88398767,-1.1807748,1.103592,-0.36006537,-1.290426,-1.3716938
63,15.941079,0.39162335,1.3876991,-0.2687139,2.7250574,1.4243846
63,16.852165,1.4283186,1.2695955,-0.27757633,2.7250574,0.9274997
33,1.711975,1.1902215,-2.4709616,5.42051,-0.69253117,2.5030408
33,9.871141,0.9310473,1.7217926,-0.30696827,-0.69253117,0.119554184
33,3.3253565,0.9310473,-2.4794607,2.6130905,-0.69253117,-1.3657616
33,14.968573,0.41269994,1.6614413,-0.33497056,-0.69253117,-0.7705883
33,0.29410222,0.6718736,-1.3671584,0.17024606,-0.69253117,2.4589903
33,19.689285,-0.10564805,1.514137,-0.3437674,-0.69253117,-0.7082262
33,16.202335,-0.10564805,1.9522663,-0.30942795,-0.69253117,-0.2736263
33,19.442532,0.41269994,1.5592593,-0.33229262,-0.69253117,-0.39765158
33,14.72182,0.41269994,1.5027616,-0.34847912,-0.69253117,-0.936218
33,2.953116,-0.10564805,-1.5597067,0.20707025,-0.69253117,1.8175853
33,13.607745,-0.623996,1.6553619,-0.24515168,-0.69253117,-0.46005306
33,2.174897,1.7085695,-0.8117793,0.022862645,-0.69253117,2.5212967
33,0.0546266,1.4493953,-2.4929821,7.2182007,-0.69253117,2.3348126
33,1.711975,1.7085695,1.8276414,-0.22551222,-0.69253117,2.4797246
33,15.670869,-0.10564805,1.5522592,-0.336839,-0.69253117,-0.7912453
33,19.043932,0.15352564,1.3883481,-0.3452979,-0.69253117,-0.9152856
33,18.265713,1.9677433,1.9463471,-0.24465244,-0.69253117,2.6460621
33,13.209144,1.1902215,1.4517612,-0.23766407,-0.69253117,-0.72921824
33,-0.19507737,0.9310473,-2.5770044,47.094948,-0.69253117,-1.229179
33,19.100876,1.7085695,1.180448,-0.2955994,-0.69253117,0.5963337
33,15.158381,0.6718736,1.644886,-0.31213585,-0.69253117,0.14050435
33,5.528725,0.9310473,-2.126668,0.2934856,-0.69253117,-1.3487802
33,1.7499369,0.6718736,-0.84476715,0.0037140863,-0.69253117,2.5833735
35,-0.19507737,-1.1509213,-2.5755587,19.36762,0.74882644,1.9392115
67,1.2242712,-1.158159,-2.4940405,6.12975,-0.3692714,2.3991644
55,0.87233454,1.4141856,-2.4098008,1.726808,0.11863749,1.7766212
17,3.2130485,-0.91094947,-2.5227103,4.250834,-0.15424062,2.1568873
47,-0.09432052,1.2017556,-1.0915636,-0.19294214,-1.2801231,-1.2889258
58,-0.19507737,-2.201125,-0.28354484,-0.32914224,6.049788,0.32616955
58,-0.12790614,-2.201125,-0.5300992,-0.32196692,6.049788,0.38829312
58,-0.19507737,-1.9419513,-2.5305803,6.2804904,6.049788,-0.10924492
58,-0.19507737,-2.201125,0.5532724,-0.3454066,6.049788,-0.64702713
58,-0.19507737,-1.9419513,-2.4828794,2.963258,6.049788,-1.1236031
58,-0.19507737,-1.1644297,-2.5622396,7.2021465,6.049788,-0.1099038
58,0.3466688,-1.682777,1.5198901,-0.27522936,6.049788,-1.4752554
58,-0.19507737,-1.9419513,-1.8485914,0.097991504,6.049788,-0.35717532
58,-0.19507737,-1.9419513,-2.465855,2.4974732,6.049788,-0.1710698
58,-0.19507737,-2.201125,-0.32135484,-0.32798985,6.049788,-0.68844444
58,-0.19507737,-1.9419513,-1.8725278,0.18270852,6.049788,-1.3096714
58,-0.19507737,-2.201125,-2.3808808,0.34999374,6.049788,-0.77144593
8,1.4710237,2.1979606,-2.3381808,1.6839086,-0.7661371,0.51374197
8,5.782857,2.1979606,-2.3389668,1.6984422,-0.7661371,0.2894855
4,-0.19507737,0.9240722,-2.5755587,19.36762,0.1697321,-0.37990552
8,2.1559157,-1.1505796,-2.5218017,9.590669,-0.23830971,2.77527
8,5.725914,-1.9281013,-2.5134847,5.8771515,-0.23830971,1.3547978
8,-0.19507737,-0.63223165,-2.5770044,47.094948,-0.23830971,-1.3741239
63,15.390632,-1.688182,1.2123307,-0.3427821,-0.60679835,-0.7290698
8,8.307324,-1.4245524,1.6338067,-0.31975514,-1.1175622,-1.474898
26,0.48538756,0.92655253,-2.5755587,19.397537,0.06854322,2.3605723
63,-0.19507737,-2.477054,-2.4893494,1.5412623,-0.79697067,-0.46100724
63,-0.19507737,-2.477054,-2.2989464,0.3117007,-0.79697067,0.6987738
37,0.22693099,1.9507943,-2.5199888,5.830614,-0.5661226,2.3559911
37,0.8884149,2.4691424,-2.5097609,3.9582536,-0.5661226,1.9847089
37,19.309666,2.209968,1.4135759,-0.26146287,-0.5661226,1.2174759
37,0.682525,2.209968,-2.4640982,2.1705916,-0.5661226,2.439232
26,2.4332514,1.1735699,-2.5245383,2.04372,-1.2507542,-1.4264225
14,2.623061,-1.9528798,-2.4235833,1.02118,-0.5483439,0.8677908
8,1.4096534,1.6698217,0.49580652,-0.3766281,-1.1365279,-0.9368178
18,1.9587275,-0.9206267,-2.1709843,1.0932273,-0.6378157,2.0664036
18,7.149486,-0.40227872,-2.2370887,1.3553061,-0.6378157,1.6760035
67,14.569973,0.1357376,1.8401123,-0.29058364,0.1287633,1.9211993
8,9.909103,0.3863766,1.662226,-0.35909712,-0.7429008,-0.9778756
25,0.15975976,-1.1441984,-0.9714613,0.029154865,-1.0053818,2.5210826
25,0.4284447,-1.1441984,-1.3671584,0.17033206,-1.0053818,2.479718
25,15.594944,-1.6625464,1.5178211,-0.3436252,-1.0053818,-0.8533599
25,2.2128587,-1.1441984,-0.84476715,0.003922129,-1.0053818,2.6041305
47,-0.19507737,-1.9434856,-2.5755587,19.36762,-0.21443254,1.9806243
27,0.3554214,1.9434435,-2.5230646,1.9195771,-1.0597628,-1.4327723
62,2.7954674,0.90025514,-1.9761077,0.14153223,-0.1681762,2.439106
14,7.4342,-1.4153239,1.8844008,-0.301279,0.36795315,2.3971384
63,0.27512127,-0.6272901,-2.5218017,9.569996,-0.12987979,2.6253273
35,-0.19507737,-1.1592929,-2.5770044,47.094948,-0.41310397,-1.2498854
61,0.09258852,0.65170044,-2.5755587,19.380268,0.40538836,2.2735715
18,-0.13813451,-2.4428706,0.49801946,-0.33495456,-1.2987165,-0.7298493
26,0.025417287,-1.6594969,-2.5755587,19.377316,6.8775806,2.2521513
4,16.850843,0.39871767,1.3385396,-0.2525234,0.55485094,1.900677
4,0.1407788,2.7312832,1.1397846,-0.30181605,0.55485094,2.5417778
4,-0.19507737,1.9537616,-2.5622396,7.2021465,0.55485094,0.759765
4,9.548465,1.6945873,1.9515542,-0.28110853,0.55485094,1.6932054
4,-0.19507737,1.17624,-2.5755587,19.36762,0.55485094,2.125569
61,0.8986433,-0.9017876,-2.509638,8.37652,-0.336631,2.4609792
4,3.5431037,-0.8956776,-2.38278,2.8347807,-0.24385433,2.5449092
63,-0.19507737,-0.6499134,-2.5622396,7.2021465,7.0076003,1.2360122
63,-0.09432052,-0.9090877,-2.5357757,4.319635,7.0076003,1.7338917
8,2.1938777,-0.88748956,-1.2779212,0.14901745,-0.08086673,2.769857
12,0.3466688,2.4717171,1.49837,-0.26979706,-1.2987165,-0.9575953
25,-0.19507737,-1.670748,-2.5357757,4.3181787,15.473101,-0.8340542
35,-0.19507737,0.39297843,-2.5755587,19.36762,3.452063,2.0841563
17,-0.19507737,1.7080011,-2.5755587,19.36762,-0.21656966,1.54579
35,3.896363,1.1794223,-2.4948218,3.5754862,-0.6307731,2.4873333
35,0.7015059,0.92024857,-2.5755587,19.407038,-0.6307731,2.3835762
27,11.1824045,-0.3782417,1.5717223,-0.278451,-1.2987165,-0.19097178
4,0.44742563,-1.670622,-2.5397298,4.229581,0.110684134,1.6115453
61,22.189226,-0.8991237,1.5741279,-0.30688325,-0.6291426,-1.1429472
48,-0.19507737,-0.88939524,-2.5199888,5.826169,11.313302,0.532753
48,-0.19507737,-0.88939524,-2.1316118,0.59372956,11.313302,-1.5167629
48,-0.19507737,-1.4077432,-2.2694132,0.41678137,11.313302,-1.0612602
48,-0.19507737,-1.1485689,-2.5622396,7.2021465,11.313302,0.05574737
48,-0.19507737,-1.1485689,-2.3705277,1.6149436,11.313302,-1.3926306
48,-0.19507737,-1.4077432,-2.5357757,4.3181787,11.313302,0.035614744
35,14.93061,-1.9395508,1.4599729,-0.35162818,-0.5453388,-1.0190258
35,14.038505,0.9113629,1.9463471,-0.24537939,-0.5453388,2.6251798
58,9.05496,0.41300827,2.1129086,-0.30906913,0.17147751,1.4446944
58,7.9598656,-1.4012094,1.6417105,-0.24319033,0.17147751,-0.3981809
58,0.2605166,-2.178731,-2.471939,3.4677565,0.17147751,1.776053
58,0.8884149,-2.178731,-2.5240788,3.4775176,0.17147751,1.6746274
58,22.948463,-0.6236877,1.3286601,-0.29177868,0.17147751,-0.4595674
58,9.05496,0.67218196,2.0024505,-0.30062833,0.17147751,1.8588296
58,14.114429,-0.3645134,1.8844008,-0.3001184,0.17147751,2.459538
58,0.44742563,-1.9195573,-2.477041,2.8700778,0.17147751,1.7142639
58,10.461129,-2.178731,0.42762974,-0.2854573,0.17147751,0.30613983
58,22.948463,-0.8828614,1.4324576,-0.26010627,0.17147751,0.72068053
58,-0.04175395,-2.178731,-2.4700572,3.254546,0.17147751,1.9412214
58,9.225789,-1.660383,1.9960879,-0.30103445,0.17147751,1.4032971
58,2.928334,-1.9195573,-1.1437336,-0.08505355,0.17147751,1.8588402
58,22.948463,-0.3645134,1.5550956,-0.26547408,0.17147751,1.1554905
58,1.5980893,-1.660383,-2.4790058,2.6936855,0.17147751,1.7161906
58,13.90564,-1.4012094,1.1394103,-0.271974,0.17147751,1.1965483
58,9.05496,0.15383397,1.8817972,-0.29115903,0.17147751,1.8381335
33,-0.19507737,-1.9332856,-2.537419,5.3563175,0.40870807,0.7603189
55,4.408849,-0.117330424,-2.3050199,0.6978577,-0.6752448,2.130637
4,14.114429,-0.3704998,2.0024505,-0.29977283,0.216633,1.9004493
4,14.114429,-1.1480215,1.9294491,-0.29755208,0.216633,1.8176335
26,0.2605166,-1.9414638,-2.5350165,4.520026,-0.5896616,1.9007568
4,19.00597,0.9073668,1.9960879,-0.29937512,-0.08899378,1.4658176
11,0.91762435,-0.89226484,-1.2779212,0.14825827,-0.019900016,2.7075539
27,2.7954674,-0.8892698,-1.7382994,0.026652077,0.18275014,2.521688
8,10.726862,0.37865818,1.5316501,-0.33911783,-0.81015563,-1.5368975
8,5.9273257,2.1928759,1.2163833,-0.35757965,-0.81015563,-1.247204
35,-0.19507737,0.13743564,-2.5755587,19.36762,4.6659307,-0.31778637
18,-0.19507737,-1.9232389,-2.4895704,2.7233431,-1.0123396,-1.4549376
18,-0.10017259,-1.9232389,0.87103045,-0.3462336,-1.0123396,-1.3096256
35,21.828587,-0.38713107,1.6460099,-0.26999545,-0.88689774,-0.6874491
26,2.6494207,0.89857996,-2.4723637,4.618848,-0.47191224,2.2973936
8,8.193439,-1.9409423,1.6387563,-0.33481377,-0.7436487,-1.537023
8,17.79989,-1.9409423,1.25148,-0.2621175,-0.7436487,-0.77037865
8,3.7998805,-1.9409423,0.92054915,-0.33837885,-0.7436487,-1.5164787
8,15.215325,-1.9409423,1.4361991,-0.33817247,-0.7436487,-0.8119511
8,21.771645,0.13244905,1.770613,-0.2581566,-0.7436487,-0.12840937
8,22.056358,-1.1634206,1.8578957,-0.27772364,-0.7436487,-0.45972142
8,-0.19507737,-1.4225943,-2.5611544,13.291729,-0.7436487,-1.4973804
55,20.334637,-1.1622905,1.5710121,-0.29650924,-0.5105003,0.037221823
55,1.6929941,-0.6439424,-2.4483044,4.4910536,-0.5105003,2.481853
55,1.6929941,-0.38476816,-2.4791532,6.3044863,-0.5105003,2.503193
63,0.87233454,1.7094748,-1.9637301,0.17360188,1.6106969,2.2107315
63,2.985277,-0.104742795,-2.5199888,5.8596687,1.6106969,2.487254
63,5.725914,-1.4006125,-2.496195,5.894069,1.6106969,2.304768
63,-0.07533957,-1.6597861,-2.085464,0.10560899,1.6106969,0.2640381
63,0.91762435,0.41360518,-1.1381571,0.050518356,1.6106969,1.7136327
63,3.004258,-0.104742795,-2.1316118,0.59906805,1.6106969,2.3566253
63,1.9966894,-0.62309015,-2.5296423,6.6479144,1.6106969,1.8441759
63,0.2605166,1.1911268,-2.4452097,2.0676003,1.6106969,2.0244496
63,1.5980893,0.6727795,-1.9500484,0.6148955,1.6106969,2.003875
63,1.0782245,-1.1414381,-2.5305803,6.2965846,1.6106969,1.8617545
63,0.5992733,1.7094748,-2.3314686,0.60105014,1.6106969,1.2998227
63,1.5980893,0.6727795,-2.4517407,2.743316,1.6106969,1.3428999
63,1.5980893,1.4503012,-2.4410484,2.1054652,1.6106969,1.3013401
63,3.5431037,0.1544315,-2.4569137,4.261706,1.6106969,2.3809857
63,2.623061,1.7094748,-2.4948514,2.229445,1.6106969,2.0912397
63,1.5980893,0.1544315,-2.471939,3.4766548,1.6106969,1.8403236
63,18.41756,0.93195313,1.3528295,-0.30466238,1.6106969,0.824018
63,14.707316,0.93195313,0.66148597,-0.29779875,1.6106969,0.4719825
63,0.65769196,-1.1414381,-2.3037415,1.5874574,1.6106969,2.1073594
63,7.003439,1.7094748,0.5825163,-0.3066878,1.6106969,0.5336652
63,1.0563431,1.1911268,-2.0243807,0.39369068,1.6106969,2.4178843
63,2.2814038,-1.1414381,-0.9581504,-0.13462646,1.6106969,1.6309559
63,1.4520426,-0.3639165,-2.1364563,0.8721085,1.6106969,1.7762355
63,0.1407788,1.7094748,-2.4433768,1.9391571,1.6106969,2.376295
63,3.1239448,-0.104742795,-1.9690598,0.55342996,1.6106969,1.5695127
63,18.79718,1.1911268,1.3976345,-0.31046787,1.6106969,0.55484295
63,1.9587275,-0.88226444,-2.2845092,1.0941782,1.6106969,2.1702526
63,1.5980893,0.41360518,-2.4516916,2.8169885,1.6106969,1.3221936
63,14.664878,0.41360518,1.9960879,-0.2873019,1.6106969,1.651997
63,0.8884149,1.4503012,-2.5151572,4.6459246,1.6106969,1.5499928
63,2.129556,-0.62309015,-2.0600584,0.39111996,1.6106969,1.2380285
63,5.8018374,-0.104742795,-2.349859,2.0857623,1.6106969,2.0493925
63,2.7954674,0.93195313,-1.986483,0.3238344,1.6106969,2.2734683
63,2.1864989,-0.88226444,-2.0810056,0.37294,1.6106969,1.6936182
63,2.2054799,-0.88226444,-2.3988397,1.3305402,1.6106969,2.4403784
63,6.029609,-0.3639165,-1.7774322,0.3163289,1.6106969,1.3214836
63,13.981563,0.41360518,1.3589275,-0.30917045,1.6106969,0.6374441
63,1.5980893,1.4503012,-0.06342997,-0.12360879,1.6106969,2.5004756
63,1.5980893,0.41360518,-2.477041,2.8780475,1.6106969,1.7576034
63,0.8884149,1.4503012,-2.5111363,4.2256093,1.6106969,2.046828
63,8.789227,-1.4006125,1.415495,-0.33352646,1.6106969,0.30589092
63,19.40457,-0.3639165,2.012765,-0.28165308,1.6106969,1.6107787
63,18.341637,0.93195313,1.300726,-0.31457964,1.6106969,0.88613945
63,14.114429,1.7094748,1.3383665,-0.3124973,1.6106969,0.86522865
63,14.380162,-0.3639165,1.3907727,-0.32059965,1.6106969,0.76169753
63,10.821767,1.1911268,1.3466213,-0.3198512,1.6106969,1.3827269
63,2.2814038,-1.6597861,-2.4887378,2.111178,1.6106969,1.2415577
63,0.8884149,1.1911268,-2.4547322,3.026072,1.6106969,1.652589
63,0.44742563,1.4503012,-1.9964454,0.27721217,1.6106969,0.8646947
63,14.550992,0.6727795,1.9960879,-0.30013096,1.6106969,1.4449282
63,0.682525,0.41360518,-1.8685116,0.21867737,1.6106969,2.169233
63,2.129556,-0.3639165,-2.1898437,0.68208575,1.6106969,1.8180479
63,11.049539,0.41360518,1.49837,-0.2677627,1.6106969,2.0246186
63,3.5431037,0.1544315,-1.7985559,0.4051624,1.6106969,1.8178794
63,0.8884149,0.6727795,-2.4790058,2.68877,1.6106969,1.6942959
63,14.266276,1.1911268,1.9308736,-0.29469612,1.6106969,0.78231966
63,19.38559,0.1544315,1.4507167,-0.30433658,1.6106969,0.34779653
63,5.490763,1.4503012,1.9194272,-0.28853172,1.6106969,1.630918
63,2.623061,1.7094748,-2.4400916,2.3806384,1.6106969,2.0065947
63,18.98699,0.1544315,1.3770056,-0.31644624,1.6106969,-0.024927014
63,11.429157,0.41360518,1.3796326,-0.2928832,1.6106969,1.1756897
63,4.549094,-0.62309015,-2.4723637,4.6310053,1.6106969,2.3210392
63,11.06852,0.93195313,1.1394103,-0.27255946,1.6106969,1.1757003
63,0.25466454,-1.6597861,-2.5168204,3.8478277,1.6106969,1.6313376
63,1.5980893,1.4503012,-2.38278,2.8276544,1.6106969,2.5017734
63,19.290684,-0.88226444,1.3810338,-0.32687408,1.6106969,0.76193064
63,3.5431037,0.6727795,-2.4940405,6.148069,1.6106969,2.4657125
61,0.7423684,3.4904625,-0.2713941,-0.3538469,-0.7884114,0.67825574
61,0.09696482,3.4904625,-2.3479502,-0.042426765,-0.7884114,0.6368567
61,3.1049638,2.7129416,-1.6339021,0.31016588,-0.7884114,1.631327
61,9.05496,3.231289,1.4530687,-0.2811087,-0.7884114,1.4240522
61,18.531446,2.1945937,1.4322914,-0.29291406,-0.7884114,1.5901543
61,22.948463,2.4537673,1.4527507,-0.25638694,-0.7884114,0.016676988
61,9.588004,3.4904625,0.28063548,-0.30052742,-0.7884114,0.20258424
61,10.916672,3.4904625,0.5571378,-0.27090257,-0.7884114,1.300047
61,5.338916,2.7129416,1.8817972,-0.29180464,-0.7884114,1.7758582
25,1.1731293,-1.945547,-2.5180414,2.998822,-1.0322194,-1.4720846
67,-0.19507737,0.13624738,-2.5755587,19.36762,2.5632255,-0.6697952
35,15.689848,-0.6607121,1.5921241,-0.35282633,2.7627316,-0.6048921
35,-0.19507737,2.9677231,-2.5622396,7.2021465,2.7627316,0.6355267
35,3.021661,2.9677231,1.3907727,-0.32281265,2.7627316,0.59551126
35,-0.19507737,2.1902008,-2.5755587,19.36762,2.7627316,1.8149731
35,14.72182,0.89433116,1.9445297,-0.25832912,2.7627316,2.148961
35,16.335201,-0.14236479,1.5556006,-0.30544198,2.7627316,0.69964314
61,3.1239448,-0.3963844,-2.349859,2.0770273,-0.8677724,2.0265744
61,1.9587275,1.6770068,-0.98749256,0.043696314,-0.8677724,2.0450542
61,2.623061,1.4178332,-2.5239244,6.8728004,-0.8677724,2.094246
63,4.0102487,0.9160455,-2.387484,1.4289272,-0.5252386,2.152035
63,3.9417036,-0.12064988,-2.4483044,4.5031486,-0.5252386,2.5261903
63,2.174897,-1.1573459,-2.4680188,5.8837724,-0.5252386,2.5243876
51,2.174897,-0.6314376,-2.4987738,6.89558,-0.14082533,2.7117803
67,-0.19507737,-0.4026365,-2.5755587,19.36762,-0.57165843,0.92459786
17,0.32768786,-1.4297369,-2.5199888,5.8316755,-0.5494534,2.376954
17,0.077983856,-1.6889105,-2.5622396,7.2094126,-0.5494534,1.4448332
17,1.1731293,-1.9480848,-2.5195932,3.906249,-0.5494534,1.7372723
17,1.0782245,-1.9480848,-2.5357757,4.336572,-0.5494534,1.8622253
55,1.9207655,-1.160653,-1.9690598,0.551928,4.33057,1.5484431
55,1.3030955,-1.4198272,-2.1672697,0.53576404,4.33057,1.3206619
55,0.15975976,-1.160653,-2.1238682,0.5927576,4.33057,2.189827
25,-0.19507737,-1.6937056,-2.5231922,4.3605967,9.896884,-1.475839
15,1.3600384,0.40406018,-2.4433768,1.9454474,-0.24331787,2.4813478
59,4.389868,0.9075095,-2.4832008,3.165789,-0.5857017,2.2387326
59,5.9083443,1.4258575,-2.2842062,0.7233729,-0.5857017,0.99267346
8,-0.19507737,-1.1643165,-2.5611544,13.291729,-0.770298,-1.3938484
52,-0.21405834,-1.9195981,2.353423,-0.2666325,0.26575062,0.57465446
11,-0.19507737,3.268364,-2.4419992,1.7217776,0.61912084,-0.8129123
11,-0.19507737,3.5275378,-2.44757,1.6735333,0.61912084,-0.8336239
11,-0.16149175,2.2316687,-1.7572418,0.33911926,0.61912084,1.547827
11,0.2605166,1.7133207,-2.4517407,2.7360442,0.61912084,1.2790227
11,-0.19507737,3.268364,-2.5296624,3.051606,0.61912084,-1.3102133
11,-0.19507737,2.7500167,-2.4433768,1.9374244,0.61912084,2.0238674
11,-0.19507737,2.4908423,-2.5151572,4.6351833,0.61912084,0.5327821
11,-0.19507737,3.5275378,-2.2990305,0.63041264,0.61912084,-1.3925699
11,-0.027149292,3.268364,1.9294491,-0.299984,0.61912084,-1.2889148
11,-0.19507737,2.7500167,-2.4098008,1.7218109,0.61912084,-1.4961985
11,0.07360756,1.7133207,-2.163713,0.37773666,0.61912084,1.527189
11,0.6781487,1.9724945,-2.0845916,0.86299247,0.61912084,2.1071873
11,-0.19507737,3.268364,-2.0678198,0.20809454,0.61912084,-0.48143372
11,-0.19507737,3.268364,-2.4235833,1.0067877,0.61912084,-1.2477418
11,-0.19507737,2.4908423,-2.38278,2.8210847,0.61912084,2.0446444
14,-0.19507737,-1.4323,-2.5770044,47.094948,-0.6554949,-1.436243
35,0.6562162,-1.1464785,-1.5330566,-0.19783232,-1.2947584,-1.4958597
25,0.6591677,-0.89038885,-2.5218017,9.574217,0.12170746,2.6884675
5,0.73946786,0.13432133,-2.4939446,3.0779788,-0.46861014,2.4810424
25,-0.19507737,-1.6714908,-2.5755587,19.36762,4.0385156,0.8003593
47,-0.19507737,-0.13448879,-2.5755587,19.36762,3.8348486,-1.2909873
48,0.1407788,2.9940562,0.29145405,-0.1623432,2.2752934,2.3554223
48,-0.060734913,1.4390124,-2.5240788,3.4663575,2.2752934,1.5683972
48,0.6781487,1.9573604,-0.75158596,-0.043646432,2.2752934,1.423694
48,0.58029234,1.1798381,-2.536785,4.1574693,2.2752934,1.7568977
48,3.004258,1.1798381,0.3057579,-0.23302886,2.2752934,2.4798453
48,0.4284447,1.4390124,-2.4640982,2.1690621,2.2752934,2.418156
35,14.006345,0.6790847,1.8578957,-0.27913687,-0.8559984,-0.50147593
5,2.4113188,-1.6697915,1.9917641,-0.29060346,1.0674391,1.7343203
5,7.6999335,-0.8922692,1.3810338,-0.3291367,1.0674391,0.67855793
26,1.8638226,-0.36223018,-2.4841075,4.837839,-0.8088709,1.903127
27,0.52039796,-2.193268,-0.24593717,-0.26180702,-1.1695046,0.9888335
27,-0.19507737,-2.193268,-2.1104097,0.22298303,-1.1695046,0.34681538
27,0.52039796,-2.193268,0.3618472,-0.29105762,-1.1695046,1.1751815
27,-0.19507737,-2.193268,-2.4893494,1.5412623,-1.1695046,1.1333857
27,0.7160596,-2.193268,-0.030439759,-0.30935964,-1.1695046,1.0716703
27,-0.12352984,-2.193268,-2.2989464,0.31189364,-1.1695046,1.133655
25,-0.19507737,-0.36499226,-2.5770044,47.094948,-0.15515254,-1.4983623
33,2.2244608,-1.6626045,-2.4220614,1.4453659,-0.68428993,-1.3485609
33,0.58176816,-0.8850828,-2.508508,7.009584,-0.68428993,1.8390701
33,14.651697,-1.1442571,1.6145707,-0.2538165,-0.68428993,-0.6463516
33,3.1239448,-1.1442571,-2.3389668,1.68948,-0.68428993,0.26661223
33,22.09432,-0.10756113,1.7166066,-0.2518594,-0.68428993,-0.0869638
33,11.1634245,-1.4034308,1.0971314,-0.3358524,-0.68428993,-0.8742099
33,1.8828036,-0.6259091,-2.4867554,4.9126077,-0.68428993,2.110321
33,0.12179784,0.66996056,-2.4929821,7.2187405,-0.68428993,2.3556495
33,0.7730534,-1.1442571,-2.5134847,5.827069,-0.68428993,1.2391573
33,3.9796655,-0.10756113,-1.2430538,0.117835164,-0.68428993,2.5216203
33,1.6929941,-0.10756113,-2.4987738,6.8915854,-0.68428993,2.690108
55,-0.19507737,0.41822413,-2.536785,4.1465793,5.4514856,-0.41990718
25,5.8893633,2.9958,1.5921241,-0.35466155,-0.36281613,-0.7088678
25,19.290684,2.477452,1.5474815,-0.32397836,-0.36281613,0.18212233
25,19.309666,2.7366257,1.5469167,-0.3360496,-0.36281613,-0.19059196
25,-0.07971587,2.2182777,-2.509638,8.36736,-0.36281613,2.2931135
25,-0.19507737,1.4407562,-2.5770044,47.094948,-0.36281613,-1.1877663
52,0.87233454,-1.6893998,-2.3545058,0.8039304,-0.83146995,1.1344146
52,0.87233454,-1.4302262,-2.461352,2.1320481,-0.83146995,2.191002
52,2.2434418,-1.6893998,-2.3618846,0.85601,-0.83146995,2.0052204
52,2.7836103,-0.9118782,-2.2910821,0.65844643,-0.83146995,2.0051403
51,18.531446,-0.38092223,1.8844008,-0.29935092,-0.17464824,2.48043
25,0.8884149,1.4398849,-2.5479438,7.3618293,-0.37110996,2.1935067
61,-0.19507737,0.12574647,-2.5755587,19.36762,2.0914226,1.7735603
51,-0.19507737,1.1683757,-2.5755587,19.36762,-0.27875465,1.7942666
59,-0.19507737,-0.13781752,-2.5755587,19.36762,-0.70065784,-0.56626314
8,2.1251287,-1.9358006,1.2405784,-0.3320757,-1.030816,-1.4958721
63,-0.19507737,-0.13240147,-2.5218017,9.564828,-0.9070545,2.4170141
61,-0.19507737,2.4718173,-2.5422363,4.932072,4.158911,-1.3724533
61,-0.19507737,0.6575997,-2.5755587,19.36762,4.158911,0.9660105
25,0.0546266,-1.1690258,-2.5218017,9.567572,-0.54402846,2.5833285
25,0.5248252,-0.90985143,-2.4987738,6.8819036,-0.54402846,2.6049416
25,-0.19507737,-0.65067774,-2.5770044,47.094948,-0.54402846,-1.3327111
48,1.5980893,1.6995177,-1.0230184,0.011848648,1.1674676,1.7758243
48,5.244011,0.40364805,1.6411269,-0.29073632,1.1674676,1.0511445
48,-0.19507737,0.40364805,-2.5755587,19.36762,1.1674676,0.7175339
27,-0.19507737,-0.39721859,-2.5755587,19.36762,1.0456104,-0.9803912
26,0.3554214,-1.4264013,-2.5245383,2.0174565,-1.2797319,-1.4948915
59,0.52334946,-1.4345318,-2.3988397,1.3237903,-0.662405,2.3973336
52,0.5174974,-2.1959858,1.5717223,-0.28043368,-1.2987165,-0.9575881
35,-0.19507737,-0.10857327,-2.5755587,19.36762,1.0310414,-0.7526208
27,1.9587275,0.9155752,-1.5245867,0.24616331,2.4772687,1.4032869
27,0.87233454,1.4339225,-2.3618846,0.85141903,2.4772687,1.9626977
27,0.91762435,-1.1578166,-2.4569137,4.246791,2.4772687,2.2945542
27,1.2870151,1.6930969,-2.5296974,3.0083542,2.4772687,1.3239776
27,3.9517279,2.2114449,-2.05907,0.19828928,2.4772687,1.7563076
27,5.4411993,0.9155752,-0.8430771,-0.0077468003,2.4772687,1.7762468
27,1.6360512,-0.6394687,-2.4591196,2.1102962,2.4772687,2.523363
27,5.4411993,0.6564009,-2.378929,2.758845,2.4772687,2.4844022
27,3.9517279,2.2114449,-2.2842062,0.7180543,2.4772687,0.9706812
27,1.5980893,-0.6394687,-2.5422363,4.959216,2.4772687,1.7193635
27,2.2434418,0.6564009,-1.9757487,0.15330666,2.4772687,2.3353958
27,3.1049638,1.1747489,-2.1701248,1.1430383,2.4772687,1.8391484
27,0.6430363,2.2114449,-2.2910821,0.6529247,2.4772687,1.8795669
8,-0.23303929,0.40461323,-2.5770044,47.093025,-0.17515133,-1.1675239
35,1.8258607,0.6645111,-2.5755587,19.456469,0.076932274,2.4369404
25,-0.19507737,0.13218395,-2.5479438,7.342939,8.380021,-1.4553872
25,2.174897,0.13691783,-2.4709616,5.423511,-0.7715226,2.524473
25,2.9341352,-1.1589518,-2.508508,7.0316095,-0.7715226,1.9479271
25,0.5248252,-0.64060384,-2.5218017,9.572741,-0.7715226,2.6674037
66,-0.19507737,-0.6416555,-2.5755587,19.36762,-0.2090915,1.6079091
8,11.751835,-0.36076942,1.6387563,-0.33415353,-0.85630697,-1.4954506
8,19.936037,-0.87911737,1.5216478,-0.3118309,-0.85630697,-0.70821553
27,-0.19507737,-0.6185213,-2.5611544,13.291729,-0.8063514,-1.5387932
20,2.7836103,-0.9167258,-1.3987147,-0.11542184,0.25396606,1.1548979
51,-0.19507737,-0.40081427,-2.5755587,19.36762,0.13407186,-0.6490888
35,-0.19507737,-1.4429467,-2.5755587,19.36762,-0.6669624,-1.5394641
3,1.4330617,1.9507943,-0.62793636,-0.06583504,1.4906261,1.5894132
3,-0.19507737,2.728316,-2.4562283,1.2961246,1.4906261,-0.7301058
3,1.9207655,-1.4184666,-0.45410377,-0.21624628,1.4906261,1.5273247
3,0.6781487,1.6916207,-0.8115933,-0.03461509,1.4906261,1.3201644
3,1.0460638,1.6916207,1.9294491,-0.29979944,1.4906261,1.4443748
3,-0.19507737,2.728316,-2.381849,1.4723771,1.4906261,-1.1027277
3,0.8314211,-0.9001186,2.012765,-0.28480422,1.4906261,1.1544758
3,1.6360512,0.39575103,0.13544329,-0.23236658,1.4906261,2.45906
3,0.17874071,-1.4184666,-0.6283306,-0.1990311,1.4906261,2.1483662
3,0.79641074,-1.4184666,0.4045635,-0.2645852,1.4906261,2.3968766
3,-0.12790614,1.1732727,-0.8576734,-0.010567077,1.4906261,1.7756201
66,1.0212817,2.2036066,-0.33111846,-0.19009632,-0.40555435,2.5211492
11,0.8986433,0.41104823,-2.4709616,5.415238,-0.30476427,2.4603536
11,-0.16586806,-0.36647403,-2.5218017,9.565148,-0.30476427,2.5206237
11,3.9606848,0.15187393,-1.1908078,0.13007025,-0.30476427,2.5423
26,0.07360756,2.7331982,-0.58934855,-0.21611807,3.0022335,2.5003648
26,14.664878,0.6598069,1.9546734,-0.28006217,3.0022335,1.8176565
35,10.136874,-0.37284356,1.9522663,-0.31047106,-1.0856142,-0.31529135
21,1.7221014,-1.4199231,-0.8290844,-0.053690895,0.43196884,1.4445143
21,2.354376,-1.6790967,1.9130905,-0.3124571,0.43196884,1.5065489
21,9.668152,-1.6790967,0.53352183,-0.28366202,0.43196884,0.86513835
52,-0.12790614,2.9904785,-2.2895207,0.6503604,-0.87079364,-1.5167663
52,1.069472,2.4721313,-1.9997144,0.4758654,-0.87079364,1.2169006
52,1.9207655,1.9537833,-1.702776,0.21943025,-0.87079364,0.59579206
52,1.9207655,2.212957,-1.8001535,0.19798066,-0.87079364,0.76148045
52,0.025417287,2.9904785,-2.3381808,1.679036,-0.87079364,0.34691277
52,0.79203445,2.9904785,-2.3389668,1.68162,-0.87079364,0.18188627
52,0.638711,2.9904785,-1.6990027,0.14474021,-0.87079364,1.0510442
52,-0.16149175,0.13956562,-2.5620139,15.235924,-0.87079364,-1.5385518
52,1.069472,1.6946089,-1.480909,0.03131598,-0.87079364,-0.025641637
52,1.9207655,2.212957,-2.05449,0.47976282,-0.87079364,0.16121505
52,0.638711,2.9904785,-1.813,0.23049071,-0.87079364,0.13998426
52,3.1239448,1.9537833,-2.19424,1.0293365,-0.87079364,1.3631036
26,-0.19507737,-0.34882504,-2.5755587,19.36762,0.7519202,0.8417722
26,0.638711,1.1794223,-2.496195,5.8519034,2.3410788,2.1703355
26,2.0726132,1.4385965,-2.5305803,6.3091536,2.3410788,1.8854996
26,0.48538756,1.4385965,-2.3037415,1.5869989,2.3410788,2.0865421
26,0.79203445,2.216118,-2.1364563,0.8709773,2.3410788,1.7345492
26,1.5980893,3.2528136,0.44625753,-0.17653207,2.3410788,1.9413855
26,-0.19507737,3.771162,-2.4331,1.8219036,2.3410788,0.82291013
26,0.48538756,2.734466,-2.4700572,3.2578776,2.3410788,2.004146
26,-0.19507737,3.5119884,-2.5479438,7.342939,2.3410788,-0.2337095
26,-0.19507737,3.771162,-2.5084531,3.32803,2.3410788,-0.6060305
26,-0.19507737,3.2528136,-2.4940405,6.1185374,2.3410788,2.1065636
63,2.4522324,-0.37472203,-2.1954694,-0.01723542,-1.2873901,-1.4119531
67,0.5438062,2.2023973,-2.4569137,4.2446675,-0.44110486,2.2526278
67,0.8884149,2.2023973,-2.5350165,4.5288444,-0.44110486,1.9443017
67,0.79203445,1.9432236,-2.349859,2.0694208,-0.44110486,1.9419097
67,2.0536323,1.9432236,-1.6351314,0.0042113825,-0.44110486,2.1280568
67,0.44742563,2.7207453,-2.4482307,2.4200344,-0.44110486,2.045399
67,3.4787817,1.6840494,-2.315511,1.1946014,-0.44110486,1.1569285
67,3.4787817,1.6840494,-1.9418193,0.24685161,-0.44110486,1.8387537
8,1.2490531,0.13692154,-2.548746,4.326021,-0.931496,-1.4692838
8,18.949028,0.39609584,1.1615434,-0.32274622,-0.931496,-0.77029526
35,21.619797,0.6731027,1.25148,-0.26134083,-0.9612089,-0.7494845
35,19.19578,0.6731027,1.5316501,-0.3375081,-0.9612089,-1.4950956
35,6.8457904,1.4506243,1.8578957,-0.28039393,-0.9612089,-0.58460546
35,17.951738,0.15475467,1.5781523,-0.26165098,-0.9612089,-0.39772198
35,14.968573,-0.10441901,1.5644884,-0.3324241,-0.9612089,-1.1018682
26,8.8271885,0.41138685,1.9463471,-0.24627559,-0.2874345,2.5835507
51,17.534159,1.6907816,1.577487,-0.26905766,-0.19097406,0.6789917
51,9.529484,1.6907816,1.9445297,-0.25922206,-0.19097406,2.1073325
7,1.1702288,0.3855554,-0.98560256,-0.15697114,4.584641,1.3823496
7,2.0915942,0.6447291,-1.0244359,-0.12655188,4.584641,1.1339855
7,-0.16149175,-1.4286623,-1.5513957,-0.11061757,4.584641,0.7609905
7,-0.19507737,0.9039027,-2.5410714,5.2415814,4.584641,-0.13012445
26,2.174897,-1.1535679,-2.4791532,6.3078237,-0.56218004,2.5247064
61,-0.19507737,-1.4058375,-2.5755587,19.36762,0.53155094,1.193781
61,-0.19507737,-2.1708395,-2.4882665,1.3822705,0.4588751,-1.537769
14,-0.12790614,-2.2037709,-2.5357757,4.3191495,-0.54656416,1.7130679
67,-0.19507737,-0.1143539,-2.5770044,47.094948,-0.24914189,-1.5190687
61,5.528725,0.92151713,-2.4794607,2.6294732,-0.8368422,-1.3410944
67,0.22693099,1.4317982,-1.8458885,0.10592193,5.607014,2.0448737
67,-0.19507737,2.4684942,-2.5097609,3.948109,5.607014,-0.7924016
67,-0.19507737,2.2093205,-2.5350165,4.5136275,5.607014,-0.7512096
67,4.0102487,1.4317982,0.64402544,-0.2726,5.607014,1.6930451
67,0.24591194,1.4317982,-2.2843125,0.8267972,5.607014,1.299537
67,-0.19507737,0.91345084,-2.5755587,19.36762,5.607014,0.13775453
67,-0.19507737,1.9501462,-2.5410714,5.2415814,5.607014,-0.4614268
61,15.124899,-1.139276,0.9917315,-0.36127785,-0.7204954,-0.936101
35,2.7954674,1.9494343,-2.163713,0.38261664,3.1487386,1.69402
63,2.3763084,-1.4360452,-2.5540142,5.040008,-0.37354928,-1.4814539
25,0.2605166,-1.1685827,-2.5620139,15.248474,-0.5773269,-1.4112788
35,5.3199344,-1.6791819,1.4599729,-0.3535043,-1.0861163,-1.1230114
25,18.531446,-0.8862364,1.9164553,-0.2978065,0.36531025,2.1491222
27,3.5431037,-0.6347948,-1.1381571,0.051915646,2.9409869,1.7967961
27,5.4411993,0.6610749,0.29145405,-0.16091774,2.9409869,2.5421245
27,3.5431037,-0.89396906,-1.0230184,0.012808061,2.9409869,1.8174691
27,5.9083443,2.475292,-0.6605313,-0.22666812,2.9409869,0.98936385
27,1.6360512,-0.6347948,1.1397846,-0.30150622,2.9409869,2.666091
27,17.553137,0.6610749,1.3286601,-0.29283887,2.9409869,-0.48053008
27,2.2624228,-1.412317,-2.5622396,7.2675414,2.9409869,1.5624188
27,19.38559,-1.1531428,2.0145578,-0.2957798,2.9409869,1.6936034
27,2.7954674,-0.11644741,-0.58934855,-0.21505947,2.9409869,2.666272
27,5.4411993,1.9569445,-0.272055,-0.12156935,2.9409869,2.1073785
27,5.0030594,2.475292,0.009793754,-0.16157575,2.9409869,1.9830579
27,5.4411993,0.6610749,0.35289636,-0.16393983,2.9409869,2.54212
27,5.4411993,0.6610749,0.8534154,-0.19749507,2.9409869,2.5420685
27,1.9587275,1.9569445,-0.9279578,-0.018724043,2.9409869,1.3203139
27,0.44742563,-0.37562108,-2.5422363,4.9417977,2.9409869,1.6737394
27,22.189226,-0.6347948,1.49837,-0.26564535,2.9409869,2.0872495
27,5.4411993,1.9569445,-0.130498,-0.13837926,2.9409869,2.107351
47,0.9833198,-1.1530111,-2.5611544,13.3267765,-0.31397903,-1.1576047
67,2.129556,1.687517,-2.518294,3.6840527,-0.4061451,1.9260019
8,-0.04175395,-1.6728076,-2.5611544,13.296289,-0.40215307,-1.2685075
35,1.3600384,2.475292,-2.1471846,0.3469128,0.81067914,1.7347884
25,2.2624228,0.124078095,-2.5589437,11.133741,-0.32471165,-1.4175906
69,0.32768786,-1.1794556,1.5786858,-0.27428782,-1.2987165,-1.5373756
26,14.778764,1.4337916,1.9469367,-0.27213567,2.215208,2.2110827
26,19.556417,-0.38042602,1.9443332,-0.260494,2.215208,1.6936213
26,4.2000585,1.9521396,-0.40957227,-0.2129015,2.215208,2.3557749
26,19.176798,0.6562699,1.8389827,-0.27433985,2.215208,2.1905787
26,18.778198,-0.12125235,1.9450945,-0.25413585,2.215208,2.004185
26,17.458233,1.4337916,1.5418547,-0.27294573,2.215208,0.14063185
26,6.452991,1.1746173,1.9917641,-0.28991547,2.215208,1.858725
26,17.553137,1.9521396,1.5198901,-0.2719564,2.215208,1.0103042
26,14.911629,0.13792194,1.9387085,-0.2567151,2.215208,1.9004923
26,6.4150295,2.2113132,1.9515542,-0.28164735,2.215208,1.6516621
26,-0.19507737,1.6929653,-2.5755587,19.36762,2.215208,1.1316619
26,19.176798,0.39709562,1.9445297,-0.257563,2.215208,2.169853
67,22.037376,-1.6697433,1.4028767,-0.23545824,-0.3344905,-0.19042867
35,8.941074,1.1534004,1.558962,-0.342401,-0.9802026,-1.0193197
35,11.599986,0.11670447,1.2405784,-0.33012837,-0.9802026,-1.2883372
35,11.922663,1.6717484,1.5909429,-0.253819,-0.9802026,-1.3090763
35,3.7371364,1.6717484,1.3966496,-0.36733297,-0.9802026,-1.3715602
35,0.6372352,0.37587878,-2.5264225,3.2483063,-0.9802026,-1.4731661
35,7.396238,0.89422613,1.430178,-0.3452806,-0.9802026,-1.1022043
27,-0.19507737,-2.1989937,-2.3105237,-0.18084477,-1.2293258,0.5331179
27,-0.16149175,-2.1989937,0.26921442,-0.3705322,-1.2293258,0.8024223
27,-0.19507737,-2.1989937,-0.6610598,-0.36034593,-1.2293258,0.65746886
61,0.8986433,1.7118562,-2.47542,5.886684,-0.56786263,2.2533858
62,-0.19507737,-1.6530669,-2.505244,4.78572,-1.206022,-1.4964113
62,0.52334946,-1.6530669,1.5389881,-0.32907352,-1.206022,-1.4338343
62,1.2388248,-1.9122405,1.478961,-0.24085978,-1.206022,-0.17070995
8,11.448139,-0.8820451,1.0914823,-0.3537569,-0.91976225,-0.97772723
25,-0.19507737,0.9260539,-2.5770044,47.094948,-0.17055373,-1.4776559
70,-0.19507737,1.1699718,-2.5755587,19.36762,0.0019674907,-1.270281
4,1.5980893,-1.924012,-2.5063539,4.41821,0.032370355,2.0275378
35,-0.19507737,1.1828591,-2.5755587,19.36762,2.7123392,1.3387259
35,0.19772168,1.175491,-2.310153,0.22789888,-1.1566348,-1.5372562
4,-0.09432052,0.14851679,-2.5346751,3.681413,1.7992733,1.8995607
4,0.20795003,1.1852127,-2.4591196,2.101997,1.7992733,2.4178247
4,0.040021945,1.7035601,-2.5084531,3.3301642,1.7992733,1.4651256
4,3.4787817,-0.6290049,-2.5755587,19.52914,1.7992733,2.4752162
4,0.6781487,1.1852127,-2.4940405,6.1254354,1.7992733,2.3567083
47,0.48538756,0.40801612,-2.5620139,15.255163,-0.5879161,-1.3889555
4,1.6360512,1.9444323,0.87808526,-0.28831884,-0.68624246,2.645393
4,21.980434,0.9077369,1.5116727,-0.25266695,-0.68624246,0.6792192
4,1.0563431,1.1669106,-2.4640982,2.1728413,-0.68624246,2.4604821
35,1.6360512,-1.1623157,-0.58934855,-0.2155104,2.3955708,2.6454566
25,11.846739,-1.1350452,1.5456524,-0.29528597,-1.0054725,0.09895563
25,14.70864,-1.1350452,1.5781523,-0.262261,-1.0054725,-0.41857588
25,13.702649,-0.8758715,1.6460099,-0.27150276,-1.0054725,-0.72922635
25,0.48538756,-0.09834981,-2.5611544,13.311967,-1.0054725,-1.1818914
4,-0.19507737,0.15728813,-2.5755587,19.36762,0.24865311,-1.228868
35,0.19772168,0.39359203,-2.5264225,3.2423005,-1.0595192,-1.5160309
47,24.225733,-0.113489434,1.3420624,-0.31252152,-0.092962205,1.2384214
47,24.225733,-0.113489434,1.9297192,-0.29989153,-0.092962205,1.9629987
35,0.8884149,-1.4156971,-2.5422363,4.948474,0.2953297,1.6960598
8,15.860678,0.16878638,1.5512509,-0.3431064,-0.4865853,-1.060417
8,11.770814,-1.1270833,1.6590576,-0.32821092,-0.4865853,-1.3298013
8,19.879095,-0.60873526,1.6075121,-0.33275545,-0.4865853,-0.9360065
8,9.472541,-0.86790895,1.708933,-0.334274,-0.4865853,-0.9779003
27,3.694951,-0.6347948,-2.4819016,5.51771,-0.06880972,2.3616865
27,3.9417036,0.14272688,-2.4791532,6.3200603,-0.06880972,2.5483713
35,-0.108925186,-1.1459211,-2.5230646,1.9137077,-1.2987165,-1.5377234
41,6.0485897,0.39491192,-2.1364563,0.8799865,-0.54636776,1.8402594
35,1.7250528,-1.6821307,1.3966496,-0.3677319,-1.067236,-1.4751886
33,-0.10017259,-1.6902087,0.97959834,-0.3437721,-1.2003813,-1.4959831
61,0.12179784,-1.4149692,-2.5218017,9.56831,-0.4982007,2.6042135
61,2.167518,-2.1924908,-2.4834642,2.1618652,-0.4982007,0.49573326
52,3.3633182,-1.9287612,0.5394143,-0.2900563,-1.2262576,-1.3715358
52,0.24591194,-1.6695875,-1.0022539,-0.1965297,-1.2262576,-1.4752415
27,14.114429,0.13707973,1.9164553,-0.2985687,1.3788544,2.1282315
27,11.220367,-0.38126764,1.9308736,-0.2952199,1.3788544,0.76148677
66,-0.19507737,-2.467925,-2.1320047,0.32318804,0.37820593,0.16045575
66,-0.19507737,-2.467925,-2.461352,2.1257727,0.37820593,-0.29528365
66,-0.027149292,-2.467925,2.0024505,-0.30216408,0.37820593,0.24335897
49,11.1444435,0.68189377,1.3780863,-0.33167654,0.7738321,0.4509501
49,2.7954674,0.94106746,-0.37331778,-0.19938788,0.7738321,2.3556502
49,1.050491,-0.6139759,-2.496195,5.855317,0.7738321,2.2125733
49,1.0972055,0.42271948,-2.5176263,3.7435,0.7738321,1.7164303
49,2.2244608,0.42271948,-2.5346751,3.7130983,0.7738321,2.0521662
49,2.1864989,0.68189377,-2.536785,4.180027,0.7738321,1.8037647
49,11.087501,0.68189377,2.0145578,-0.2971877,0.7738321,1.6518502
49,-0.16149175,-1.3914981,-2.495657,3.1674535,0.7738321,2.003086
49,3.0422199,0.1635458,1.3189198,-0.3092855,0.7738321,2.272734
49,21.980434,0.94106746,1.4621212,-0.26522607,0.7738321,0.49285966
49,3.832041,0.42271948,2.012765,-0.28429514,0.7738321,1.4444885
49,4.587056,0.1635458,0.38174623,-0.18561825,0.7738321,2.2521715
49,1.1731293,0.42271948,-2.5023973,2.433426,0.7738321,1.3640666
49,14.304239,0.94106746,1.3770056,-0.3173604,0.7738321,-0.045854494
49,11.4861,-0.35480216,1.9546734,-0.28060883,0.7738321,1.7968179
49,8.6914215,0.68189377,0.5541344,-0.31606072,0.7738321,1.4241445
49,3.5431037,1.2002411,-0.21062766,-0.11516088,0.7738321,1.8794497
49,6.396048,0.94106746,2.0146806,-0.28156096,0.7738321,1.5067129
59,3.775098,-1.6767919,1.4857186,-0.3011253,3.2202215,0.32636046
47,1.5980893,-2.1720908,0.6828144,-0.19667044,0.17108898,2.5004497
35,11.429157,-2.1975682,0.87046564,-0.30499455,-0.77543324,-0.70850796
35,2.3952894,-1.9383945,-2.465833,1.1900092,-0.77543324,-1.4301986
35,17.856834,-1.1608723,1.770613,-0.25885996,-0.77543324,-0.14928585
35,21.354063,-0.90169865,1.6553619,-0.24372819,-0.77543324,-0.41829604
35,11.637949,-1.9383945,1.6972663,-0.26997328,-0.77543324,-0.97779787
7,2.7954674,1.4304795,-1.6755799,-0.034131445,-0.07193767,2.1489244
7,1.9587275,1.9488275,-2.378929,2.7462685,-0.07193767,2.4399488
8,5.0789833,-0.9227783,1.6338067,-0.3203552,-1.0484993,-1.5371623
35,-0.04175395,0.63899106,-2.5755587,19.374361,-0.36499077,2.2100246
25,-0.19507737,-2.2250118,-2.4893494,1.5412623,-1.0993881,-0.9579609
35,0.8226685,4.2772326,1.9164553,-0.3008623,-0.61044705,1.7342553
35,-0.19507737,4.018059,-2.5151572,4.6351833,-0.61044705,-0.66818917
67,1.2475774,-1.9449872,2.1129086,-0.31036332,-0.09763663,1.1751982
55,1.3220766,-1.4068824,0.99277264,-0.2793212,7.165034,2.2726572
8,3.7181556,2.4835918,2.1129086,-0.3099538,-0.22335072,1.3409485
47,1.730956,-0.8519061,-1.2779212,0.14874208,-0.15054682,2.7490838
47,4.07457,0.18478924,2.0659008,-0.23125857,-0.15054682,2.4591105
27,0.1407788,1.6916318,-2.0046523,0.7561368,1.7524717,2.1276886
27,5.4411993,1.6916318,-0.059246227,-0.124781094,1.7524717,2.54218
27,0.1407788,1.4324582,-2.38278,2.8223152,1.7524717,2.355538
8,3.9417036,-0.6440246,-1.3671584,0.17258051,-0.035317615,2.625206
61,0.27949756,-1.1677411,-2.5611544,13.305843,-0.20419689,-1.2040783
35,2.167518,-0.9270772,-0.41406813,-0.19587901,-1.2705972,-1.3508451
67,0.97889245,-1.9310895,-2.4183643,1.8345418,-0.7047488,1.9837385
67,0.7160596,-1.9310895,-2.3983262,1.259031,-0.7047488,1.714204
26,1.5980893,0.1562488,-1.1381571,0.050880477,3.0413122,1.7551332
26,3.1049638,1.7112927,-0.98407394,0.02768077,3.0413122,1.8588209
26,3.9227228,1.1929448,-0.91459775,0.015536889,3.0413122,1.7553654
26,3.5431037,1.1929448,-0.06342997,-0.1230164,3.0413122,2.5420315
26,3.1049638,1.4521184,0.8534154,-0.19802356,3.0413122,2.521234
26,0.9745672,2.747988,-0.9279578,-0.019183068,3.0413122,1.27879
26,13.304049,0.1562488,1.49837,-0.26733416,3.0413122,2.0454285
26,4.389868,1.7112927,0.85330206,-0.29264876,3.0413122,2.4798944
26,4.389868,1.4521184,1.0343065,-0.2922633,3.0413122,2.4177625
26,5.4411993,1.4521184,-0.8576734,-0.008075316,3.0413122,2.0454056
18,1.0563431,-0.08802191,-2.4591196,2.1069274,0.1426047,2.501842
47,-0.19507737,-0.9069732,-2.5770044,47.094948,0.08292418,-1.4569495
38,2.0726132,-1.1591235,-2.123696,0.34231037,0.6428403,1.0931671
58,0.8986433,0.39290798,-2.4987738,6.8850017,0.14819539,2.6471035
35,1.0212817,-0.3802944,-2.5296423,6.634937,2.5475533,1.8203319
35,1.1351675,-0.121120736,-2.5622396,7.237545,2.5475533,1.5344603
25,-0.060734913,0.13488364,-2.5620139,15.23892,-0.65054244,-1.475708
25,0.17874071,0.9124053,-2.5611544,13.302848,-0.65054244,-1.2255093
47,0.44742563,0.6610749,-2.5479438,7.354141,0.050722077,2.1709414
8,15.656365,-1.1608186,1.1420815,-0.3499738,-0.86774546,-0.7290434
67,1.0183812,-0.89439356,-2.5199888,5.838951,2.44569,2.4408321
67,0.6781487,-0.63521993,-2.4569137,4.24543,2.44569,2.2735188
67,2.7954674,-0.63521993,-1.2824895,-0.06624745,2.44569,1.5689718
67,0.27949756,-0.89439356,-2.5410714,5.2493205,2.44569,1.6732038
63,19.024952,1.171304,1.2108816,-0.34473675,-0.8553196,-1.0394837
27,4.0102487,-1.1478509,-2.4039414,1.5570109,2.4663906,2.3593984
27,-0.16149175,0.9255404,-2.5199888,5.826523,2.4663906,2.1893506
27,1.711975,0.9255404,-2.1316118,0.59691167,2.4663906,2.3353975
27,1.5980893,1.1847147,-2.4569137,4.2506566,2.4663906,2.3369014
27,0.15975976,1.4438884,-2.5397298,4.2254252,2.4663906,1.5691277
27,4.833809,-0.6295029,-1.8385693,0.45674923,2.4663906,1.4869502
27,2.0156703,-0.6295029,-1.919843,0.1334854,2.4663906,2.2938564
27,1.050491,-0.8886766,-2.481774,4.821478,2.4663906,2.233009
27,3.1239448,0.6663667,-2.1364563,0.874974,2.4663906,1.8183413
27,0.9833198,-1.1478509,-2.495657,3.1767893,2.4663906,2.1709943
27,2.3193655,0.40719303,-2.5195932,3.91858,2.4663906,1.7609597
27,4.219039,0.14801873,-2.0810056,0.37605405,2.4663906,1.7150775
27,3.048021,-0.6295029,-2.4899411,5.987145,2.4663906,2.464677
27,-0.19507737,1.9622364,-2.5479438,7.342939,2.4663906,0.5324273
27,1.6360512,1.4438884,0.0864254,-0.26469532,2.4663906,2.6454186
27,2.7954674,1.4438884,-2.1970649,0.45279923,2.4663906,1.6941226
27,-0.060734913,-1.9253726,-2.5039692,3.8511517,2.4663906,1.6098499
27,5.7448945,-1.4070246,-2.337381,1.7575061,2.4663906,2.090486
25,-0.12790614,-0.63712925,-2.5611544,13.293728,-1.0945997,-1.3105398
8,1.674013,0.1532556,-2.5199888,5.8458567,-0.03736063,2.4632084
66,-0.16149175,0.3967459,-2.5479438,7.343525,-0.13158873,2.02343
17,-0.19507737,-0.8922692,-2.5622396,7.2021465,5.03863,1.0496547
17,0.077983856,-0.6330955,-2.3980174,1.0409161,5.03863,1.4029974
17,2.167518,-0.6330955,-2.5410714,5.280114,5.03863,1.742768
69,10.04197,-0.3702588,1.9503998,-0.2701204,-0.13310488,1.341217
69,3.9796655,-0.3702588,-0.8117793,0.023659578,-0.13310488,2.5421958
69,3.9796655,-0.3702588,1.8276414,-0.22511134,-0.13310488,2.5212345
69,0.5248252,-0.3702588,-1.4604238,0.25711182,-0.13310488,2.3347945
63,1.9543002,-1.9297956,1.9463471,-0.24745753,-0.4674483,2.396907
8,0.17874071,-1.419645,-2.5589437,11.071771,-0.3071774,-1.5153989
25,1.5980893,-0.35720587,-2.5479438,7.3742023,0.05813361,2.2172043
36,0.3466688,1.4233111,1.6411269,-0.2916433,-1.2987165,-1.537375
35,14.385964,2.1947486,1.3799975,-0.27204418,-1.1205038,-0.9155088
35,2.4522324,1.417227,-2.4547896,1.1995356,-1.1205038,-1.4302899
35,2.5631666,1.417227,0.88864315,-0.30449045,-1.1205038,-1.5372512
35,4.6234403,1.935575,1.3653567,-0.3337926,-1.1205038,-1.123039
35,14.645896,0.63970536,1.5583235,-0.3355212,-1.1205038,-1.2261215
35,17.040651,0.89887905,1.6460099,-0.2708836,-1.1205038,-0.7083702
35,10.954634,2.1947486,1.430178,-0.34458056,-1.1205038,-1.0606222
35,-0.19507737,1.6764007,-2.5611544,13.291729,-1.1205038,-1.4145548
35,19.21476,0.38053107,1.5644884,-0.33161703,-1.1205038,-1.0809666
25,3.9417036,-0.37919575,-2.4929821,7.249397,-0.05979165,2.549419
25,3.9037418,-1.4158918,-2.5218017,9.609879,-0.05979165,2.8006213
25,3.9417036,-0.12002207,-2.509638,8.405011,-0.05979165,2.5506935
25,-0.19507737,-0.8975437,-2.5770044,47.094948,-0.05979165,-1.2705919
14,5.7638755,0.41300827,-1.7875279,0.31508908,-0.2329901,2.1704104
58,0.040021945,-0.13663667,-2.5479438,7.347038,-0.4846233,2.107105
11,12.1504345,0.39815846,1.4022028,-0.29245394,2.6477249,0.8444237
11,1.0563431,1.1756802,0.87808526,-0.28845087,2.6477249,2.6246545
11,1.5980893,1.6940281,-0.83548546,0.0107923895,2.6477249,1.7136914
11,-0.19507737,-0.8977112,-2.5755587,19.36762,2.6477249,2.1048627
11,-0.16149175,-0.8977112,-2.537419,5.356817,2.6477249,1.5679891
11,-0.16149175,0.9165064,-2.4940405,6.1188025,2.6477249,2.1687472
67,3.9796655,-0.12562042,-2.215868,1.4637382,-0.7451541,1.3013722
67,1.2052902,-0.12562042,-2.4709616,5.417226,-0.7451541,2.4815407
67,22.170244,-1.6806637,1.6145707,-0.252408,-0.7451541,-0.6045983
67,3.9606848,-0.12562042,-1.4640834,0.23133439,-0.7451541,2.4389021
67,0.17874071,-1.6806637,-2.5180414,2.9876494,-0.7451541,-1.5369049
67,17.306387,-1.9398375,1.6553619,-0.24447201,-0.7451541,-0.43918222
67,1.730956,0.39272755,-0.8117793,0.02266662,-0.7451541,2.5005426
67,1.069472,-1.1623157,-2.4867554,4.906561,-0.7451541,2.067446
67,2.174897,0.13355388,-2.4929821,7.2352166,-0.7451541,2.5252845
67,0.40946373,-0.9031421,-2.5218017,9.571472,-0.7451541,2.646391
67,1.6929941,0.39272755,-2.509638,8.383958,-0.7451541,2.5041904
67,21.183235,-0.12562042,1.4517612,-0.23610954,-0.7451541,-0.6874296
67,18.141548,-1.1623157,1.5234094,-0.24212457,-0.7451541,-0.21134555
67,2.1938777,0.39272755,-1.4604238,0.2582678,-0.7451541,2.438606
4,19.537437,-0.8965897,1.9960879,-0.2864752,0.16713189,1.6729032
35,-0.19507737,-0.9093386,-2.5755587,19.36762,1.5354681,-0.13142878
43,-0.19507737,0.92068785,-2.5755587,19.36762,-0.26186186,0.9038913
55,-0.19507737,-0.38077578,-2.5755587,19.36762,0.32405204,-0.7319144
4,15.51902,0.37780854,1.7217926,-0.30594477,-0.52100027,0.16121438
4,1.281214,-0.65888745,-2.508508,7.016133,-0.52100027,1.9027724
4,1.2432522,0.11863423,-1.3671584,0.17085351,-0.52100027,2.5626695
4,1.2432522,-0.14053945,-1.2779212,0.14845195,-0.52100027,2.728307
4,15.632906,-0.39971313,1.6108902,-0.35225618,-0.52100027,-1.0811446
62,14.873668,-0.89264363,1.558962,-0.34127337,-0.828868,-0.97763413
8,4.4278297,1.4376609,-2.273238,0.5975147,-0.48822948,2.3373995
41,-0.19507737,-0.9136158,-2.5755587,19.36762,-0.68643326,1.1730745
55,4.389868,-1.1769005,-2.4098008,1.7432752,-0.35931763,1.8427216
8,-0.19507737,0.39794713,-2.5770044,47.094948,-0.33048898,-1.3534175
25,-0.19507737,0.14229001,-2.5755587,19.36762,6.23043,-0.3384928
61,-0.12790614,-0.3911383,-2.5620139,15.236922,-1.2304101,-1.5176039
8,15.329211,0.41235885,1.6387563,-0.33348978,-0.9025979,-1.4745837
8,5.249812,1.9674021,1.5512509,-0.3451157,-0.9025979,-1.1851413
8,15.405134,1.4490541,1.5128832,-0.33310017,-0.9025979,-1.1639619
8,15.500039,-0.36516345,1.5307158,-0.31926575,-0.9025979,-1.0811347
8,19.556417,1.7082285,1.4529251,-0.3201994,-0.9025979,-0.87386626
8,1.492905,-1.3918911,-1.2872555,-0.23794773,-1.079623,-1.4957604
55,4.0102487,-0.3907397,-2.4828794,2.9936323,-0.5150274,2.465948
47,19.119856,1.9573961,1.9435471,-0.28528866,-0.6587758,1.0724112
47,11.4861,1.9573961,1.6108902,-0.35302985,-0.6587758,-1.102038
47,19.556417,1.4390482,1.662226,-0.35731697,-0.6587758,-0.91532594
25,1.2432522,-0.63022155,-2.509638,8.379746,-0.102885894,2.482466
47,19.973999,-0.3720866,1.5512509,-0.3423275,-0.6266016,-1.0395224
47,19.328646,0.6646087,1.6120209,-0.34865367,-0.6266016,-0.8117978
47,4.833809,0.92378306,2.5952592,-0.27232692,-0.6266016,1.8172214
63,5.782857,-1.4101568,0.4072524,-0.2004055,2.0439963,2.3143675
63,-0.19507737,-0.36478528,-2.5755587,19.36762,0.25761226,-1.0010976
35,14.645896,0.4099193,1.5593058,-0.35226372,-1.0966525,-1.2675343
55,0.40946373,-0.89706117,-2.509638,8.37194,-0.2719946,2.397753
8,0.0590029,1.1859018,-2.5611544,13.299286,-0.9050772,-1.2470766
35,1.8828036,-1.392053,0.16517375,-0.26295486,8.073408,2.127772
35,0.32768786,-1.392053,-0.44661388,-0.22753794,8.073408,2.086259
35,-0.19507737,-1.392053,-2.5755587,19.36762,8.073408,1.8770922
35,0.32768786,-1.392053,-0.77496934,-0.20003167,8.073408,1.4650714
27,5.4411993,0.64769816,-2.3182104,2.1554544,-0.32324174,2.110849
8,5.3987594,0.91170704,0.61729485,-0.3731265,-1.1151925,-0.9572908
67,4.262802,-0.88255984,1.8578957,-0.2808474,-1.2987165,-0.64683425
67,3.458223,-1.1414042,-2.4631312,2.1846979,-0.6692433,-1.3457488
4,0.32768786,0.9259915,-2.5755587,19.390604,0.028135946,2.3381896
55,-0.19507737,-2.1869586,-0.36505124,-0.31663102,8.062891,-1.5374074
55,-0.19507737,-2.1869586,-2.4110534,0.5844153,8.062891,-1.3512537
55,-0.19507737,-1.9277849,-2.372743,0.57003003,8.062891,-1.3719214
55,-0.19507737,-2.1869586,-1.7617635,-0.18857248,8.062891,-1.5374364
55,-0.19507737,-0.37274158,-2.5410714,5.2415814,8.062891,1.381443
67,1.1731293,1.7112038,-2.5346751,3.6987321,-0.26708788,2.0279863
67,1.674013,1.4520301,-2.4723637,4.612605,-0.26708788,2.275178
3,1.6360512,0.6632345,0.3246384,-0.27665815,2.925192,2.5211694
3,1.2242712,0.6632345,-0.75158596,-0.04341634,2.925192,1.4651626
3,0.07360756,0.14488651,-1.2824895,-0.06786646,2.925192,1.4029293
3,-0.16149175,0.40406018,-1.1437336,-0.08671547,2.925192,1.5685488
3,1.5980893,0.6632345,0.4250884,-0.17871699,2.925192,2.3348062
63,9.130884,-1.6736714,1.4599729,-0.35276037,-0.7012469,-1.0607122
70,0.3466688,1.6811093,1.49837,-0.26979706,-1.2987165,-0.29499048
49,1.1687021,-1.3844056,-0.8290844,-0.053934,0.4671163,1.4030428
47,3.9227228,-0.9023746,-2.4709616,5.43484,-0.51356345,2.547918
47,0.2605166,-0.38402665,-2.5589437,11.0742035,-0.51356345,-1.4941045
47,2.174897,-0.38402665,-2.509638,8.388469,-0.51356345,2.5259876
35,0.33644044,-1.4049594,-2.5241525,2.765385,-1.255188,-1.536434
4,-0.19507737,1.9522705,-2.5622396,7.2021465,5.5847855,-0.6068575
14,-0.09432052,0.6605583,-2.273238,0.5861396,-1.091515,2.0861726
67,0.8884149,-1.9243499,-2.5397298,4.235951,0.14711607,1.6337919
67,2.7954674,-1.6651756,-2.4591196,2.117034,0.14711607,2.5456984
67,0.4284447,-1.9243499,-1.8685116,0.21840404,0.14711607,2.1484606
35,11.410176,-0.63864315,1.9435471,-0.2866145,-1.1513944,1.0306778
4,7.0166187,-0.6491293,1.9463471,-0.24658698,-0.29826027,2.562769
8,1.7689178,-0.9110966,-0.9714613,0.029926041,-0.09519801,2.6662142
8,0.5627872,-1.6870178,-1.2779212,0.14804725,-1.139037,2.66609
47,1.1541483,0.6476895,-2.5589437,11.1007805,-0.75233823,-1.446266
63,-0.09432052,-1.6973729,-2.1981373,-0.09099179,-1.1809723,-1.5374373
63,0.077983856,-1.6973729,-0.8631786,-0.3239836,-1.1809723,-1.495969
25,4.776866,0.38492015,-2.508508,7.0488625,-0.8748002,1.9728047
25,5.782857,-0.1334272,-2.4841075,4.866145,-0.8748002,1.9513834
25,5.7638755,0.64409447,-2.4867554,4.9414644,-0.8748002,2.1587102
25,21.942472,-0.6517752,1.5909429,-0.25192872,-0.8748002,-1.2465001
25,18.740236,-1.4292969,1.2062267,-0.3247025,-0.8748002,-1.1223217
25,5.782857,-0.3926015,-2.5027962,5.3558655,-0.8748002,1.559947
25,1.711975,0.90326816,-2.5218017,9.585788,-0.8748002,2.7533839
25,3.9227228,0.90326816,-1.6467698,0.3568634,-0.8748002,2.3976054
25,19.100876,-0.6517752,1.2163833,-0.35484996,-0.8748002,-1.1223056
25,5.7638755,0.64409447,-1.4237026,0.09229462,-0.8748002,1.8801054
61,0.3466688,-0.115624346,-2.4948218,3.5465388,5.4131536,2.376803
18,-0.19507737,-1.9387814,-2.5755587,19.36762,-0.10518756,-0.6283824
63,0.8986433,1.6866632,-2.4483044,4.486781,-0.6696602,2.439407
63,1.730956,1.1683152,-2.4819016,5.5039186,-0.6696602,2.316939
63,1.2242712,1.9458368,-2.4791532,6.30124,-0.6696602,2.4817016
49,0.48538756,0.41240767,-2.5222857,6.0335793,-0.705461,-0.87340575
49,0.6182543,-0.365114,-2.548746,4.313515,-0.705461,-1.493014
49,3.1049638,0.15323398,-2.5144181,6.398774,-0.705461,1.534748
51,-0.16149175,-1.1556311,-2.5611544,13.292727,-1.2987165,-1.3314878
18,-0.19507737,0.90729016,-2.5755587,19.36762,4.047783,0.779653
18,0.22693099,1.6848118,-1.9418193,0.2429831,4.047783,1.7135799
47,0.077983856,-1.4316598,-2.5589437,11.068774,-0.49712762,-1.5368298
8,14.954069,-2.465836,0.9604303,-0.30336526,-0.6713429,0.11992588
8,22.948463,-1.6883142,1.56712,-0.29040393,-0.6713429,0.5757136
8,24.225733,-1.4291406,1.4400995,-0.2876651,-0.6713429,0.7828739
8,5.9083443,-1.4291406,-2.2910821,0.6665069,-0.6713429,2.048502
47,0.91762435,-1.6696932,-1.1908078,0.12838876,0.16482201,2.4590676
62,18.949028,0.17559089,1.415495,-0.33155835,-0.011959021,0.36848593
35,1.113286,0.6526687,-2.5755587,19.425142,0.062805705,2.4086592
47,20.277695,-0.89440596,1.5456524,-0.29369545,-0.80940425,0.14075293
10,-0.027149292,-4.0178466,0.9364412,-0.27823538,-1.2987165,-0.31571427
26,-0.16149175,-0.9128502,-2.5755587,19.369097,3.7598975,2.1466324
63,-0.19507737,-1.161489,-2.5770044,47.094948,-0.46219024,-1.5397751
61,1.8258607,-1.922807,-2.505713,3.667182,-0.59564835,-0.53949773
61,0.5248252,-0.367763,-2.509638,8.37302,-0.59564835,2.4187202
61,0.40946373,-1.404459,-2.4987738,6.8809476,-0.59564835,2.5840042
61,-0.19507737,-1.1452847,-2.5770044,47.094948,-0.59564835,-1.3120047
61,3.9417036,-0.108589344,-2.4680188,5.8949385,-0.59564835,2.5477936
61,2.4142704,-0.89558864,-2.548746,4.3491254,-0.75286055,-1.4429917
8,19.176798,1.9671049,1.9387085,-0.25598162,-0.24111576,1.921376
8,5.661592,2.7446265,1.8401123,-0.292153,-0.24111576,1.8172877
4,1.2870151,0.64570475,-2.5239244,6.8559127,-0.4417056,2.0694566
35,-0.19507737,0.6534683,-2.5755587,19.36762,2.5099063,2.0427434
